Date and Name,Date,Name,Position,Picture,RPE,Sleep Quality,Sleep Duration,Fatigue,Soreness,Stress,Readiness Score,Session,GPS Load,Total Distance,Low Intensity Distance,Moderate Intensity Distance,High Intensity Distance,Sprint Distance,Total Acceleration,Med. Intensity Accel Count,High Int. Accel Count,Max Int. Accel Count,Total Deceleration,Med. Intensity Decel Count,High Intensity Decel Counts,Max Intensity Decel Counts,Top Sprint Speed
45114Alexander Ovechkin,45114,Alexander Ovechkin,LW,https://a.espncdn.com/combiner/i?img=/i/headshots/nhl/players/full/3101.png&w=350&h=254,6,6,6,5.5,5,7,81,Tempo,184,1291,206.56,322.75,451.85,309.84,17,2.72,5.1,9.18,15,9,5,0,16.61
45121Alexander Ovechkin,45121,Alexander Ovechkin,LW,https://a.espncdn.com/combiner/i?img=/i/headshots/nhl/players/full/3101.png&w=350&h=254,5.5,6,6.5,6.5,7,4,79,Tempo,79,1184,189.44,296,414.4,284.16,12,1.92,3.6,6.48,19,12,7,0,22.2
45139Alexander Ovechkin,45139,Alexander Ovechkin,LW,https://a.espncdn.com/combiner/i?img=/i/headshots/nhl/players/full/3101.png&w=350&h=254,8,6,6,8,5,5,81,Change of Direction,83,1327,358.29,477.72,398.1,92.89,69,14.49,25.53,28.98,72,31,22,20,16.93
45135Alexander Ovechkin,45135,Alexander Ovechkin,LW,https://a.espncdn.com/combiner/i?img=/i/headshots/nhl/players/full/3101.png&w=350&h=254,6.5,9,8,8,7,6,77.5,Tempo,223,1065,170.4,266.25,372.75,255.6,11,1.76,3.3,5.94,15,9,5,0,15.98
45146Alexander Ovechkin,45146,Alexander Ovechkin,LW,https://a.espncdn.com/combiner/i?img=/i/headshots/nhl/players/full/3101.png&w=350&h=254,6.5,7,6,4.5,8.5,6,83,Change of Direction,73,1241,335.07,446.76,372.3,86.87,133,27.93,49.21,55.86,81,34,24,22,18
45149Alexander Ovechkin,45149,Alexander Ovechkin,LW,https://a.espncdn.com/combiner/i?img=/i/headshots/nhl/players/full/3101.png&w=350&h=254,6,6,6,5.5,4,4,77,Tempo,132,1020,163.2,255,357,244.8,11,1.76,3.3,5.94,14,9,5,0,14.24
45125Alexander Ovechkin,45125,Alexander Ovechkin,LW,https://a.espncdn.com/combiner/i?img=/i/headshots/nhl/players/full/3101.png&w=350&h=254,7.5,7,7,3.5,7,8,83.5,Change of Direction,31,1181,318.87,425.16,354.3,82.67,79,16.59,29.23,33.18,79,34,24,22,13.57
45142Alexander Ovechkin,45142,Alexander Ovechkin,LW,https://a.espncdn.com/combiner/i?img=/i/headshots/nhl/players/full/3101.png&w=350&h=254,6.5,7,7,4.5,4,7,78.5,Tempo,105,1005,160.8,251.25,351.75,241.2,14,2.24,4.2,7.56,21,13,8,0,18.65
45128Alexander Ovechkin,45128,Alexander Ovechkin,LW,https://a.espncdn.com/combiner/i?img=/i/headshots/nhl/players/full/3101.png&w=350&h=254,6.5,8.5,8,4.5,6.5,6,77.5,Tempo,143,974,155.84,243.5,340.9,233.76,14,2.24,4.2,7.56,18,11,6,0,18.11
45113Alexander Ovechkin,45113,Alexander Ovechkin,LW,https://a.espncdn.com/combiner/i?img=/i/headshots/nhl/players/full/3101.png&w=350&h=254,5,8,7,7.5,8,4,77,Change of Direction,84,1098,296.46,395.28,329.4,76.86,68,14.28,25.16,28.56,71,30,21,20,17.33
45124Alexander Ovechkin,45124,Alexander Ovechkin,LW,https://a.espncdn.com/combiner/i?img=/i/headshots/nhl/players/full/3101.png&w=350&h=254,5,8,8,7,8,4,76,Acceleration,34,1318,329.5,553.56,289.96,144.98,45,22.5,9.9,12.6,44,23,13,8,21.49
45117Alexander Ovechkin,45117,Alexander Ovechkin,LW,https://a.espncdn.com/combiner/i?img=/i/headshots/nhl/players/full/3101.png&w=350&h=254,5,8,8,5.5,6,7,77,Acceleration,23,1317,329.25,553.14,289.74,144.87,54,27,11.88,15.12,49,25,15,9,22.62
45118Alexander Ovechkin,45118,Alexander Ovechkin,LW,https://a.espncdn.com/combiner/i?img=/i/headshots/nhl/players/full/3101.png&w=350&h=254,5,6,6,6,8,5,81,Change of Direction,23,961,259.47,345.96,288.3,67.27,121,25.41,44.77,50.82,85,36,26,23,15.67
45138Alexander Ovechkin,45138,Alexander Ovechkin,LW,https://a.espncdn.com/combiner/i?img=/i/headshots/nhl/players/full/3101.png&w=350&h=254,7,7,7,4,7,5,80,Acceleration,47,1291,322.75,542.22,284.02,142.01,37,18.5,8.14,10.36,32,17,10,6,15.73
45132Alexander Ovechkin,45132,Alexander Ovechkin,LW,https://a.espncdn.com/combiner/i?img=/i/headshots/nhl/players/full/3101.png&w=350&h=254,5,7,7,4,8,4,78,Change of Direction,101,928,250.56,334.08,278.4,64.96,92,19.32,34.04,38.64,88,37,26,24,14.06
45112Alexander Ovechkin,45112,Alexander Ovechkin,LW,https://a.espncdn.com/combiner/i?img=/i/headshots/nhl/players/full/3101.png&w=350&h=254,7,6,6,4,5,6,81,Acceleration,33,1251,312.75,525.42,275.22,137.61,26,13,5.72,7.28,32,17,10,6,12.13
45127Alexander Ovechkin,45127,Alexander Ovechkin,LW,https://a.espncdn.com/combiner/i?img=/i/headshots/nhl/players/full/3101.png&w=350&h=254,5,7,7,6.5,7.5,6,79.5,Max Velocity,59,1071,321.3,267.75,267.75,214.2,92,36.8,25.76,29.44,82,45,26,11,22.02
45141Alexander Ovechkin,45141,Alexander Ovechkin,LW,https://a.espncdn.com/combiner/i?img=/i/headshots/nhl/players/full/3101.png&w=350&h=254,5,6,6,7.5,4.5,5,77.5,Max Velocity,131,1071,321.3,267.75,267.75,214.2,79,31.6,22.12,25.28,83,46,26,11,16.47
45131Alexander Ovechkin,45131,Alexander Ovechkin,LW,https://a.espncdn.com/combiner/i?img=/i/headshots/nhl/players/full/3101.png&w=350&h=254,7.5,6,6,8,4.5,8,83,Acceleration,28,1213,303.25,509.46,266.86,133.43,48,24,10.56,13.44,39,20,12,7,18.93
45148Alexander Ovechkin,45148,Alexander Ovechkin,LW,https://a.espncdn.com/combiner/i?img=/i/headshots/nhl/players/full/3101.png&w=350&h=254,6.5,8,8,7.5,8,5,78.5,Max Velocity,84,1032,309.6,258,258,206.4,75,30,21,24,88,48,27,12,18.52
45134Alexander Ovechkin,45134,Alexander Ovechkin,LW,https://a.espncdn.com/combiner/i?img=/i/headshots/nhl/players/full/3101.png&w=350&h=254,5,6,6,4.5,4.5,7,79.5,Max Velocity,111,1004,301.2,251,251,200.8,98,39.2,27.44,31.36,77,42,24,11,14.87
45145Alexander Ovechkin,45145,Alexander Ovechkin,LW,https://a.espncdn.com/combiner/i?img=/i/headshots/nhl/players/full/3101.png&w=350&h=254,6.5,7,7,6.5,7.5,4,79,Acceleration,28,1069,267.25,448.98,235.18,117.59,36,18,7.92,10.08,34,18,10,6,10.59
45120Alexander Ovechkin,45120,Alexander Ovechkin,LW,https://a.espncdn.com/combiner/i?img=/i/headshots/nhl/players/full/3101.png&w=350&h=254,6,8,8,3.5,8,8,81,Max Velocity,85,919,275.7,229.75,229.75,183.8,84,33.6,23.52,26.88,79,43,25,11,14.52
45135Auston Matthews,45135,Auston Matthews,C,https://a.espncdn.com/combiner/i?img=/i/headshots/nhl/players/full/4024123.png&w=350&h=254,5.5,6.5,7,8,6.5,4,77.5,Tempo,56,1291,206.56,322.75,451.85,309.84,17,2.72,5.1,9.18,15,9,5,0,14.45
45114Auston Matthews,45114,Auston Matthews,C,https://a.espncdn.com/combiner/i?img=/i/headshots/nhl/players/full/4024123.png&w=350&h=254,6.5,7,7,5,8,6,81.5,Tempo,183,1153,184.48,288.25,403.55,276.72,13,2.08,3.9,7.02,14,9,5,0,15.19
45146Auston Matthews,45146,Auston Matthews,C,https://a.espncdn.com/combiner/i?img=/i/headshots/nhl/players/full/4024123.png&w=350&h=254,5,7,6,5.5,4,4,75,Change of Direction,57,1335,360.45,480.6,400.5,93.45,128,26.88,47.36,53.76,83,35,25,23,14.52
45139Auston Matthews,45139,Auston Matthews,C,https://a.espncdn.com/combiner/i?img=/i/headshots/nhl/players/full/4024123.png&w=350&h=254,5,6,6,3.5,4,5,77,Change of Direction,27,1325,357.75,477,397.5,92.75,123,25.83,45.51,51.66,83,35,25,23,13.46
45128Auston Matthews,45128,Auston Matthews,C,https://a.espncdn.com/combiner/i?img=/i/headshots/nhl/players/full/4024123.png&w=350&h=254,6.5,7,7,6,8,8,83.5,Tempo,65,1128,180.48,282,394.8,270.72,14,2.24,4.2,7.56,12,7,4,0,16.89
45142Auston Matthews,45142,Auston Matthews,C,https://a.espncdn.com/combiner/i?img=/i/headshots/nhl/players/full/4024123.png&w=350&h=254,6,8,8,6,8.5,4,77.5,Tempo,52,1110,177.6,277.5,388.5,266.4,15,2.4,4.5,8.1,18,11,6,0,18.2
45149Auston Matthews,45149,Auston Matthews,C,https://a.espncdn.com/combiner/i?img=/i/headshots/nhl/players/full/4024123.png&w=350&h=254,6,9,8,6,4.5,5,73.5,Tempo,210,1020,163.2,255,357,244.8,8,1.28,2.4,4.32,16,10,6,0,18.51
45132Auston Matthews,45132,Auston Matthews,C,https://a.espncdn.com/combiner/i?img=/i/headshots/nhl/players/full/4024123.png&w=350&h=254,8,5,4.5,8,6.5,8,88,Change of Direction,29,1189,321.03,428.04,356.7,83.23,101,21.21,37.37,42.42,88,37,26,24,17.57
45125Auston Matthews,45125,Auston Matthews,C,https://a.espncdn.com/combiner/i?img=/i/headshots/nhl/players/full/4024123.png&w=350&h=254,5,8,8,4,5.5,8,77.5,Change of Direction,79,1167,315.09,420.12,350.1,81.69,107,22.47,39.59,44.94,67,28,20,18,14.7
45113Auston Matthews,45113,Auston Matthews,C,https://a.espncdn.com/combiner/i?img=/i/headshots/nhl/players/full/4024123.png&w=350&h=254,7,6,5.5,4,7,7,84.5,Change of Direction,53,1164,314.28,419.04,349.2,81.48,79,16.59,29.23,33.18,74,31,22,20,16.49
45121Auston Matthews,45121,Auston Matthews,C,https://a.espncdn.com/combiner/i?img=/i/headshots/nhl/players/full/4024123.png&w=350&h=254,6,8,8,6,6,6,77,Tempo,209,957,153.12,239.25,334.95,229.68,13,2.08,3.9,7.02,18,11,6,0,15.73
45148Auston Matthews,45148,Auston Matthews,C,https://a.espncdn.com/combiner/i?img=/i/headshots/nhl/players/full/4024123.png&w=350&h=254,5,8,8,4.5,6,6,76,Max Velocity,59,1324,397.2,331,331,264.8,65,26,18.2,20.8,84,46,26,12,23.57
45127Auston Matthews,45127,Auston Matthews,C,https://a.espncdn.com/combiner/i?img=/i/headshots/nhl/players/full/4024123.png&w=350&h=254,5,7,7,7.5,6.5,5,77.5,Max Velocity,55,1291,387.3,322.75,322.75,258.2,91,36.4,25.48,29.12,80,44,25,11,17.4
45112Auston Matthews,45112,Auston Matthews,C,https://a.espncdn.com/combiner/i?img=/i/headshots/nhl/players/full/4024123.png&w=350&h=254,8,5,5.5,5.5,8,5,85.5,Acceleration,21,1296,324,544.32,285.12,142.56,34,17,7.48,9.52,34,18,10,6,22.12
45120Auston Matthews,45120,Auston Matthews,C,https://a.espncdn.com/combiner/i?img=/i/headshots/nhl/players/full/4024123.png&w=350&h=254,6,8,8,5.5,8.5,4,77.5,Max Velocity,109,1138,341.4,284.5,284.5,227.6,61,24.4,17.08,19.52,77,42,24,11,18.15
45124Auston Matthews,45124,Auston Matthews,C,https://a.espncdn.com/combiner/i?img=/i/headshots/nhl/players/full/4024123.png&w=350&h=254,6,6.5,7,8,7,8,82.5,Acceleration,36,1257,314.25,527.94,276.54,138.27,58,29,12.76,16.24,38,20,11,7,21.51
45118Auston Matthews,45118,Auston Matthews,C,https://a.espncdn.com/combiner/i?img=/i/headshots/nhl/players/full/4024123.png&w=350&h=254,5,7.5,8,6.5,4,5,73.5,Change of Direction,17,920,248.4,331.2,276,64.4,125,26.25,46.25,52.5,72,31,22,20,18.41
45141Auston Matthews,45141,Auston Matthews,C,https://a.espncdn.com/combiner/i?img=/i/headshots/nhl/players/full/4024123.png&w=350&h=254,6,7,7,8,5,6,78,Max Velocity,28,1035,310.5,258.75,258.75,207,75,30,21,24,83,46,26,11,18.19
45131Auston Matthews,45131,Auston Matthews,C,https://a.espncdn.com/combiner/i?img=/i/headshots/nhl/players/full/4024123.png&w=350&h=254,5,7,7,7.5,5,6,77,Acceleration,26,1155,288.75,485.1,254.1,127.05,32,16,7.04,8.96,36,19,11,6,22.28
45145Auston Matthews,45145,Auston Matthews,C,https://a.espncdn.com/combiner/i?img=/i/headshots/nhl/players/full/4024123.png&w=350&h=254,5,7,7,7.5,7.5,5,78.5,Acceleration,32,1110,277.5,466.2,244.2,122.1,46,23,10.12,12.88,31,16,9,6,12.87
45134Auston Matthews,45134,Auston Matthews,C,https://a.espncdn.com/combiner/i?img=/i/headshots/nhl/players/full/4024123.png&w=350&h=254,6,8,9,6,7,4,75,Max Velocity,93,962,288.6,240.5,240.5,192.4,65,26,18.2,20.8,84,46,26,12,18.95
45138Auston Matthews,45138,Auston Matthews,C,https://a.espncdn.com/combiner/i?img=/i/headshots/nhl/players/full/4024123.png&w=350&h=254,5,6,6,4,8.5,5,81.5,Acceleration,38,952,238,399.84,209.44,104.72,34,17,7.48,9.52,43,22,13,8,12.44
45117Auston Matthews,45117,Auston Matthews,C,https://a.espncdn.com/combiner/i?img=/i/headshots/nhl/players/full/4024123.png&w=350&h=254,6.5,8,8,8,4.5,8,78,Acceleration,27,934,233.5,392.28,205.48,102.74,54,27,11.88,15.12,44,23,13,8,18.09
45149Cale Makar,45149,Cale Makar,D,https://a.espncdn.com/combiner/i?img=/i/headshots/nhl/players/full/4233563.png&w=350&h=254,9,6,6,7,7,4,83,Tempo,140,1299,207.84,324.75,454.65,311.76,16,2.56,4.8,8.64,12,7,4,0,14.53
45142Cale Makar,45142,Cale Makar,D,https://a.espncdn.com/combiner/i?img=/i/headshots/nhl/players/full/4233563.png&w=350&h=254,6,8,8,5.5,4.5,4,73.5,Tempo,192,1229,196.64,307.25,430.15,294.96,10,1.6,3,5.4,15,9,5,0,15.55
45114Cale Makar,45114,Cale Makar,D,https://a.espncdn.com/combiner/i?img=/i/headshots/nhl/players/full/4233563.png&w=350&h=254,8,6,6,7,5,8,84,Tempo,110,1195,191.2,298.75,418.25,286.8,11,1.76,3.3,5.94,14,9,5,0,17.2
45139Cale Makar,45139,Cale Makar,D,https://a.espncdn.com/combiner/i?img=/i/headshots/nhl/players/full/4233563.png&w=350&h=254,6.5,8,6,7,4,7,78.5,Change of Direction,71,1273,343.71,458.28,381.9,89.11,113,23.73,41.81,47.46,84,36,25,23,15.9
45135Cale Makar,45135,Cale Makar,D,https://a.espncdn.com/combiner/i?img=/i/headshots/nhl/players/full/4233563.png&w=350&h=254,7,7.5,6,4.5,7.5,7,83,Tempo,68,1060,169.6,265,371,254.4,15,2.4,4.5,8.1,18,11,6,0,19
45121Cale Makar,45121,Cale Makar,D,https://a.espncdn.com/combiner/i?img=/i/headshots/nhl/players/full/4233563.png&w=350&h=254,7.5,8,8,4,7,6,79.5,Tempo,65,1037,165.92,259.25,362.95,248.88,15,2.4,4.5,8.1,12,7,4,0,22.32
45128Cale Makar,45128,Cale Makar,D,https://a.espncdn.com/combiner/i?img=/i/headshots/nhl/players/full/4233563.png&w=350&h=254,7.5,6,7,6.5,7.5,4,81,Tempo,130,1020,163.2,255,357,244.8,8,1.28,2.4,4.32,12,7,4,0,13.13
45118Cale Makar,45118,Cale Makar,D,https://a.espncdn.com/combiner/i?img=/i/headshots/nhl/players/full/4233563.png&w=350&h=254,7,7,7,5.5,8,4,80,Change of Direction,101,1092,294.84,393.12,327.6,76.44,65,13.65,24.05,27.3,72,31,22,20,17.68
45113Cale Makar,45113,Cale Makar,D,https://a.espncdn.com/combiner/i?img=/i/headshots/nhl/players/full/4233563.png&w=350&h=254,6.5,7,7,6.5,6,7,80.5,Change of Direction,42,1079,291.33,388.44,323.7,75.53,71,14.91,26.27,29.82,73,31,22,20,13.5
45132Cale Makar,45132,Cale Makar,D,https://a.espncdn.com/combiner/i?img=/i/headshots/nhl/players/full/4233563.png&w=350&h=254,7,8,8,8,6.5,6,78.5,Change of Direction,68,1075,290.25,387,322.5,75.25,111,23.31,41.07,46.62,88,37,26,24,18.03
45120Cale Makar,45120,Cale Makar,D,https://a.espncdn.com/combiner/i?img=/i/headshots/nhl/players/full/4233563.png&w=350&h=254,7,6,6,4,8.5,6,84.5,Max Velocity,68,1264,379.2,316,316,252.8,100,40,28,32,87,48,27,12,15.2
45134Cale Makar,45134,Cale Makar,D,https://a.espncdn.com/combiner/i?img=/i/headshots/nhl/players/full/4233563.png&w=350&h=254,7,8,9,4.5,6.5,6,77.5,Max Velocity,84,1254,376.2,313.5,313.5,250.8,60,24,16.8,19.2,80,44,25,11,16.76
45127Cale Makar,45127,Cale Makar,D,https://a.espncdn.com/combiner/i?img=/i/headshots/nhl/players/full/4233563.png&w=350&h=254,6.5,5,4.5,7,4.5,5,81.5,Max Velocity,44,1184,355.2,296,296,236.8,75,30,21,24,80,44,25,11,21.55
45146Cale Makar,45146,Cale Makar,D,https://a.espncdn.com/combiner/i?img=/i/headshots/nhl/players/full/4233563.png&w=350&h=254,6.5,6,6,4.5,5.5,8,83,Change of Direction,37,984,265.68,354.24,295.2,68.88,96,20.16,35.52,40.32,67,28,20,18,15.68
45131Cale Makar,45131,Cale Makar,D,https://a.espncdn.com/combiner/i?img=/i/headshots/nhl/players/full/4233563.png&w=350&h=254,6,6,6,7.5,4,5,78,Acceleration,13,1321,330.25,554.82,290.62,145.31,26,13,5.72,7.28,32,17,10,6,22.81
45117Cale Makar,45117,Cale Makar,D,https://a.espncdn.com/combiner/i?img=/i/headshots/nhl/players/full/4233563.png&w=350&h=254,6,7,7,4,8.5,4,79.5,Acceleration,35,1270,317.5,533.4,279.4,139.7,32,16,7.04,8.96,37,19,11,7,16.44
45125Cale Makar,45125,Cale Makar,D,https://a.espncdn.com/combiner/i?img=/i/headshots/nhl/players/full/4233563.png&w=350&h=254,6.5,6,6,7,8.5,7,85,Change of Direction,32,917,247.59,330.12,275.1,64.19,96,20.16,35.52,40.32,83,35,25,23,16.32
45141Cale Makar,45141,Cale Makar,D,https://a.espncdn.com/combiner/i?img=/i/headshots/nhl/players/full/4233563.png&w=350&h=254,7,8,8,4.5,6.5,6,78.5,Max Velocity,33,1092,327.6,273,273,218.4,78,31.2,21.84,24.96,83,46,26,11,23.78
45124Cale Makar,45124,Cale Makar,D,https://a.espncdn.com/combiner/i?img=/i/headshots/nhl/players/full/4233563.png&w=350&h=254,7,6,6,4,7.5,8,85.5,Acceleration,15,1217,304.25,511.14,267.74,133.87,44,22,9.68,12.32,36,19,11,6,14.13
45148Cale Makar,45148,Cale Makar,D,https://a.espncdn.com/combiner/i?img=/i/headshots/nhl/players/full/4233563.png&w=350&h=254,6,6,6,5,8.5,6,83.5,Max Velocity,46,1059,317.7,264.75,264.75,211.8,97,38.8,27.16,31.04,73,40,23,10,18.62
45112Cale Makar,45112,Cale Makar,D,https://a.espncdn.com/combiner/i?img=/i/headshots/nhl/players/full/4233563.png&w=350&h=254,5,8,8,7.5,6,8,78,Acceleration,45,1139,284.75,478.38,250.58,125.29,26,13,5.72,7.28,34,18,10,6,13.31
45145Cale Makar,45145,Cale Makar,D,https://a.espncdn.com/combiner/i?img=/i/headshots/nhl/players/full/4233563.png&w=350&h=254,5,7,6,7.5,6.5,5,78.5,Acceleration,17,1120,280,470.4,246.4,123.2,33,16.5,7.26,9.24,48,25,14,9,19.62
45138Cale Makar,45138,Cale Makar,D,https://a.espncdn.com/combiner/i?img=/i/headshots/nhl/players/full/4233563.png&w=350&h=254,6,7,7,6,7.5,8,82.5,Acceleration,26,913,228.25,383.46,200.86,100.43,53,26.5,11.66,14.84,47,24,14,8,10.72
45149Connor Bedard,45149,Connor Bedard,C,https://a.espncdn.com/combiner/i?img=/i/headshots/nhl/players/full/5149125.png&w=350&h=254,7.5,8,8,8,8.5,8,83,Tempo,198,1324,211.84,331,463.4,317.76,10,1.6,3,5.4,19,12,7,0,14.02
45128Connor Bedard,45128,Connor Bedard,C,https://a.espncdn.com/combiner/i?img=/i/headshots/nhl/players/full/5149125.png&w=350&h=254,7,7,7,3.5,7,4,79,Tempo,92,1134,181.44,283.5,396.9,272.16,9,1.44,2.7,4.86,15,9,5,0,13.64
45114Connor Bedard,45114,Connor Bedard,C,https://a.espncdn.com/combiner/i?img=/i/headshots/nhl/players/full/5149125.png&w=350&h=254,7,7,7,6,4.5,8,80.5,Tempo,102,1117,178.72,279.25,390.95,268.08,9,1.44,2.7,4.86,21,13,8,0,21.38
45139Connor Bedard,45139,Connor Bedard,C,https://a.espncdn.com/combiner/i?img=/i/headshots/nhl/players/full/5149125.png&w=350&h=254,5,6,6.5,5.5,4,7,78.5,Change of Direction,45,1208,326.16,434.88,362.4,84.56,132,27.72,48.84,55.44,78,33,23,21,17.04
45132Connor Bedard,45132,Connor Bedard,C,https://a.espncdn.com/combiner/i?img=/i/headshots/nhl/players/full/5149125.png&w=350&h=254,7,7,6,4,7.5,4,80.5,Change of Direction,28,1204,325.08,433.44,361.2,84.28,136,28.56,50.32,57.12,67,28,20,18,16.31
45142Connor Bedard,45142,Connor Bedard,C,https://a.espncdn.com/combiner/i?img=/i/headshots/nhl/players/full/5149125.png&w=350&h=254,7,7,6,7,6,5,80,Tempo,198,1003,160.48,250.75,351.05,240.72,11,1.76,3.3,5.94,12,7,4,0,17.89
45125Connor Bedard,45125,Connor Bedard,C,https://a.espncdn.com/combiner/i?img=/i/headshots/nhl/players/full/5149125.png&w=350&h=254,6.5,7,7,8,6,5,78.5,Change of Direction,77,1121,302.67,403.56,336.3,78.47,125,26.25,46.25,52.5,64,27,19,18,15.17
45135Connor Bedard,45135,Connor Bedard,C,https://a.espncdn.com/combiner/i?img=/i/headshots/nhl/players/full/5149125.png&w=350&h=254,6.5,6,6,6,4,7,80.5,Tempo,133,957,153.12,239.25,334.95,229.68,12,1.92,3.6,6.48,17,11,6,0,15.34
45118Connor Bedard,45118,Connor Bedard,C,https://a.espncdn.com/combiner/i?img=/i/headshots/nhl/players/full/5149125.png&w=350&h=254,7.5,8,8,8,5,5,76.5,Change of Direction,56,1096,295.92,394.56,328.8,76.72,127,26.67,46.99,53.34,77,33,23,21,14.22
45121Connor Bedard,45121,Connor Bedard,C,https://a.espncdn.com/combiner/i?img=/i/headshots/nhl/players/full/5149125.png&w=350&h=254,6.5,6,6,7.5,4.5,5,79,Tempo,230,913,146.08,228.25,319.55,219.12,17,2.72,5.1,9.18,12,7,4,0,21.55
45146Connor Bedard,45146,Connor Bedard,C,https://a.espncdn.com/combiner/i?img=/i/headshots/nhl/players/full/5149125.png&w=350&h=254,5,7,6,7,5.5,4,76.5,Change of Direction,47,1064,287.28,383.04,319.2,74.48,100,21,37,42,77,33,23,21,13.56
45113Connor Bedard,45113,Connor Bedard,C,https://a.espncdn.com/combiner/i?img=/i/headshots/nhl/players/full/5149125.png&w=350&h=254,7,8,8,6,5.5,5,76.5,Change of Direction,62,1038,280.26,373.68,311.4,72.66,63,13.23,23.31,26.46,78,33,23,21,16.27
45120Connor Bedard,45120,Connor Bedard,C,https://a.espncdn.com/combiner/i?img=/i/headshots/nhl/players/full/5149125.png&w=350&h=254,6,8,8,7.5,4.5,5,74.5,Max Velocity,94,1227,368.1,306.75,306.75,245.4,87,34.8,24.36,27.84,73,40,23,10,22.05
45145Connor Bedard,45145,Connor Bedard,C,https://a.espncdn.com/combiner/i?img=/i/headshots/nhl/players/full/5149125.png&w=350&h=254,5,7,7.5,7,5.5,5,76,Acceleration,42,1312,328,551.04,288.64,144.32,46,23,10.12,12.88,50,26,15,9,19.89
45131Connor Bedard,45131,Connor Bedard,C,https://a.espncdn.com/combiner/i?img=/i/headshots/nhl/players/full/5149125.png&w=350&h=254,7,7,7,8,5,7,80,Acceleration,31,1258,314.5,528.36,276.76,138.38,43,21.5,9.46,12.04,41,21,12,7,16.04
45117Connor Bedard,45117,Connor Bedard,C,https://a.espncdn.com/combiner/i?img=/i/headshots/nhl/players/full/5149125.png&w=350&h=254,6,6,6,7,8.5,7,84.5,Acceleration,41,1235,308.75,518.7,271.7,135.85,58,29,12.76,16.24,42,22,13,8,22.22
45124Connor Bedard,45124,Connor Bedard,C,https://a.espncdn.com/combiner/i?img=/i/headshots/nhl/players/full/5149125.png&w=350&h=254,5,6,6,5,6.5,7,81.5,Acceleration,32,1194,298.5,501.48,262.68,131.34,20,10,4.4,5.6,45,23,14,8,12.9
45138Connor Bedard,45138,Connor Bedard,C,https://a.espncdn.com/combiner/i?img=/i/headshots/nhl/players/full/5149125.png&w=350&h=254,5,8,8,8,5,5,74,Acceleration,40,1176,294,493.92,258.72,129.36,39,19.5,8.58,10.92,34,18,10,6,17.56
45148Connor Bedard,45148,Connor Bedard,C,https://a.espncdn.com/combiner/i?img=/i/headshots/nhl/players/full/5149125.png&w=350&h=254,5,5,4.5,4.5,7,4,81.5,Max Velocity,61,1004,301.2,251,251,200.8,83,33.2,23.24,26.56,77,42,24,11,23.82
45127Connor Bedard,45127,Connor Bedard,C,https://a.espncdn.com/combiner/i?img=/i/headshots/nhl/players/full/5149125.png&w=350&h=254,6,7,5,5,8.5,4,81.5,Max Velocity,60,950,285,237.5,237.5,190,98,39.2,27.44,31.36,84,46,26,12,21.28
45141Connor Bedard,45141,Connor Bedard,C,https://a.espncdn.com/combiner/i?img=/i/headshots/nhl/players/full/5149125.png&w=350&h=254,5,7,6,3.5,8.5,6,81.5,Max Velocity,44,921,276.3,230.25,230.25,184.2,63,25.2,17.64,20.16,85,47,27,12,22
45134Connor Bedard,45134,Connor Bedard,C,https://a.espncdn.com/combiner/i?img=/i/headshots/nhl/players/full/5149125.png&w=350&h=254,6.5,8,8,7.5,4,4,73.5,Max Velocity,86,908,272.4,227,227,181.6,64,25.6,17.92,20.48,81,45,25,11,19.38
45112Connor Bedard,45112,Connor Bedard,C,https://a.espncdn.com/combiner/i?img=/i/headshots/nhl/players/full/5149125.png&w=350&h=254,7.5,8,8,8,7.5,5,79,Acceleration,25,906,226.5,380.52,199.32,99.66,49,24.5,10.78,13.72,30,16,9,5,17.64
45114Connor McDavid,45114,Connor McDavid,C,https://a.espncdn.com/combiner/i?img=/i/headshots/nhl/players/full/3895074.png&w=350&h=254,7.5,6,6,7.5,4,5,79.5,Tempo,196,1346,215.36,336.5,471.1,323.04,18,2.88,5.4,9.72,17,11,6,0,14.81
45121Connor McDavid,45121,Connor McDavid,C,https://a.espncdn.com/combiner/i?img=/i/headshots/nhl/players/full/3895074.png&w=350&h=254,8,6,6,8,6,6,83,Tempo,219,1343,214.88,335.75,470.05,322.32,13,2.08,3.9,7.02,16,10,6,0,17.09
45142Connor McDavid,45142,Connor McDavid,C,https://a.espncdn.com/combiner/i?img=/i/headshots/nhl/players/full/3895074.png&w=350&h=254,6.5,7,9,5.5,4,7,76.5,Tempo,221,1332,213.12,333,466.2,319.68,9,1.44,2.7,4.86,16,10,6,0,21.07
45128Connor McDavid,45128,Connor McDavid,C,https://a.espncdn.com/combiner/i?img=/i/headshots/nhl/players/full/3895074.png&w=350&h=254,7.5,7,7,5.5,5,7,80.5,Tempo,178,1154,184.64,288.5,403.9,276.96,15,2.4,4.5,8.1,13,8,5,0,16.11
45118Connor McDavid,45118,Connor McDavid,C,https://a.espncdn.com/combiner/i?img=/i/headshots/nhl/players/full/3895074.png&w=350&h=254,6,6,6,7.5,6,8,83,Change of Direction,103,1328,358.56,478.08,398.4,92.96,122,25.62,45.14,51.24,76,32,23,21,16.57
45132Connor McDavid,45132,Connor McDavid,C,https://a.espncdn.com/combiner/i?img=/i/headshots/nhl/players/full/3895074.png&w=350&h=254,6.5,8,8,6.5,5.5,8,79,Change of Direction,60,1318,355.86,474.48,395.4,92.26,117,24.57,43.29,49.14,69,29,21,19,15.79
45125Connor McDavid,45125,Connor McDavid,C,https://a.espncdn.com/combiner/i?img=/i/headshots/nhl/players/full/3895074.png&w=350&h=254,8.5,5,6,8,7,4,83.5,Change of Direction,62,1233,332.91,443.88,369.9,86.31,132,27.72,48.84,55.44,70,30,21,19,16.68
45113Connor McDavid,45113,Connor McDavid,C,https://a.espncdn.com/combiner/i?img=/i/headshots/nhl/players/full/3895074.png&w=350&h=254,6,8,8,7,4,7,76,Change of Direction,26,1217,328.59,438.12,365.1,85.19,125,26.25,46.25,52.5,71,30,21,20,17.63
45146Connor McDavid,45146,Connor McDavid,C,https://a.espncdn.com/combiner/i?img=/i/headshots/nhl/players/full/3895074.png&w=350&h=254,7,6,6,4,6.5,4,80.5,Change of Direction,15,1210,326.7,435.6,363,84.7,108,22.68,39.96,45.36,79,34,24,22,13.99
45135Connor McDavid,45135,Connor McDavid,C,https://a.espncdn.com/combiner/i?img=/i/headshots/nhl/players/full/3895074.png&w=350&h=254,8,6,6,8,6.5,4,81.5,Tempo,68,1028,164.48,257,359.8,246.72,9,1.44,2.7,4.86,21,13,8,0,19.76
45149Connor McDavid,45149,Connor McDavid,C,https://a.espncdn.com/combiner/i?img=/i/headshots/nhl/players/full/3895074.png&w=350&h=254,7,8,7,6.5,8,6,81,Tempo,169,1027,164.32,256.75,359.45,246.48,11,1.76,3.3,5.94,13,8,5,0,17.13
45148Connor McDavid,45148,Connor McDavid,C,https://a.espncdn.com/combiner/i?img=/i/headshots/nhl/players/full/3895074.png&w=350&h=254,6,6,6,5,4,6,79,Max Velocity,25,1290,387,322.5,322.5,258,97,38.8,27.16,31.04,83,46,26,11,14.79
45127Connor McDavid,45127,Connor McDavid,C,https://a.espncdn.com/combiner/i?img=/i/headshots/nhl/players/full/3895074.png&w=350&h=254,6.5,8,8,7.5,5,7,77.5,Max Velocity,98,1280,384,320,320,256,74,29.6,20.72,23.68,86,47,27,12,21.09
45120Connor McDavid,45120,Connor McDavid,C,https://a.espncdn.com/combiner/i?img=/i/headshots/nhl/players/full/3895074.png&w=350&h=254,5.5,5,8,7.5,6,6,79.5,Max Velocity,34,1214,364.2,303.5,303.5,242.8,72,28.8,20.16,23.04,87,48,27,12,22.43
45145Connor McDavid,45145,Connor McDavid,C,https://a.espncdn.com/combiner/i?img=/i/headshots/nhl/players/full/3895074.png&w=350&h=254,5,5.5,6.5,6.5,4.5,6,78.5,Acceleration,44,1346,336.5,565.32,296.12,148.06,21,10.5,4.62,5.88,35,18,11,6,21.71
45117Connor McDavid,45117,Connor McDavid,C,https://a.espncdn.com/combiner/i?img=/i/headshots/nhl/players/full/3895074.png&w=350&h=254,7.5,6,6,8,5.5,7,83,Acceleration,27,1328,332,557.76,292.16,146.08,23,11.5,5.06,6.44,36,19,11,6,11.24
45131Connor McDavid,45131,Connor McDavid,C,https://a.espncdn.com/combiner/i?img=/i/headshots/nhl/players/full/3895074.png&w=350&h=254,5,6,6,7.5,5,5,78,Acceleration,26,1307,326.75,548.94,287.54,143.77,37,18.5,8.14,10.36,30,16,9,5,21.41
45112Connor McDavid,45112,Connor McDavid,C,https://a.espncdn.com/combiner/i?img=/i/headshots/nhl/players/full/3895074.png&w=350&h=254,5,6,8,4.5,6,6,78,Acceleration,27,1245,311.25,522.9,273.9,136.95,54,27,11.88,15.12,36,19,11,6,10.25
45139Connor McDavid,45139,Connor McDavid,C,https://a.espncdn.com/combiner/i?img=/i/headshots/nhl/players/full/3895074.png&w=350&h=254,7,7.5,7,8,4.5,4,76,Change of Direction,32,901,243.27,324.36,270.3,63.07,106,22.26,39.22,44.52,82,35,25,23,15.7
45138Connor McDavid,45138,Connor McDavid,C,https://a.espncdn.com/combiner/i?img=/i/headshots/nhl/players/full/3895074.png&w=350&h=254,5,8,8,4,4.5,4,72.5,Acceleration,18,1206,301.5,506.52,265.32,132.66,39,19.5,8.58,10.92,43,22,13,8,12.38
45141Connor McDavid,45141,Connor McDavid,C,https://a.espncdn.com/combiner/i?img=/i/headshots/nhl/players/full/3895074.png&w=350&h=254,7,7,7,7.5,7,4,79,Max Velocity,28,1019,305.7,254.75,254.75,203.8,91,36.4,25.48,29.12,81,45,25,11,21.61
45134Connor McDavid,45134,Connor McDavid,C,https://a.espncdn.com/combiner/i?img=/i/headshots/nhl/players/full/3895074.png&w=350&h=254,6.5,7,7,6.5,7.5,4,79,Max Velocity,111,998,299.4,249.5,249.5,199.6,79,31.6,22.12,25.28,85,47,27,12,17.99
45124Connor McDavid,45124,Connor McDavid,C,https://a.espncdn.com/combiner/i?img=/i/headshots/nhl/players/full/3895074.png&w=350&h=254,6,6,6,5,6.5,7,82.5,Acceleration,15,915,228.75,384.3,201.3,100.65,55,27.5,12.1,15.4,43,22,13,8,15.26
45135David Pastrnak,45135,David Pastrnak,RW,https://a.espncdn.com/combiner/i?img=/i/headshots/nhl/players/full/3114778.png&w=350&h=254,8.5,6,6,7.5,7.5,6,85,Tempo,92,1254,200.64,313.5,438.9,300.96,14,2.24,4.2,7.56,12,7,4,0,21.48
45128David Pastrnak,45128,David Pastrnak,RW,https://a.espncdn.com/combiner/i?img=/i/headshots/nhl/players/full/3114778.png&w=350&h=254,7,6.5,7,5.5,5,5,78.5,Tempo,63,1219,195.04,304.75,426.65,292.56,16,2.56,4.8,8.64,20,12,7,0,13.97
45142David Pastrnak,45142,David Pastrnak,RW,https://a.espncdn.com/combiner/i?img=/i/headshots/nhl/players/full/3114778.png&w=350&h=254,8.5,6,6,8,7.5,5,84,Tempo,138,1216,194.56,304,425.6,291.84,9,1.44,2.7,4.86,18,11,6,0,21.21
45121David Pastrnak,45121,David Pastrnak,RW,https://a.espncdn.com/combiner/i?img=/i/headshots/nhl/players/full/3114778.png&w=350&h=254,8.5,6,6,7,4,8,83.5,Tempo,80,1127,180.32,281.75,394.45,270.48,12,1.92,3.6,6.48,18,11,6,0,18.21
45132David Pastrnak,45132,David Pastrnak,RW,https://a.espncdn.com/combiner/i?img=/i/headshots/nhl/players/full/3114778.png&w=350&h=254,7,5,5,6,5,7,84,Change of Direction,59,1277,344.79,459.72,383.1,89.39,91,19.11,33.67,38.22,83,35,25,23,17.69
45139David Pastrnak,45139,David Pastrnak,RW,https://a.espncdn.com/combiner/i?img=/i/headshots/nhl/players/full/3114778.png&w=350&h=254,7,7,7,4.5,4,4,76,Change of Direction,18,1247,336.69,448.92,374.1,87.29,96,20.16,35.52,40.32,72,31,22,20,18.82
45149David Pastrnak,45149,David Pastrnak,RW,https://a.espncdn.com/combiner/i?img=/i/headshots/nhl/players/full/3114778.png&w=350&h=254,7,7,7,5,5,7,80,Tempo,140,1043,166.88,260.75,365.05,250.32,12,1.92,3.6,6.48,12,7,4,0,13.23
45114David Pastrnak,45114,David Pastrnak,RW,https://a.espncdn.com/combiner/i?img=/i/headshots/nhl/players/full/3114778.png&w=350&h=254,7,8,8.5,7,5,4,74.5,Tempo,125,1021,163.36,255.25,357.35,245.04,15,2.4,4.5,8.1,12,7,4,0,20.17
45113David Pastrnak,45113,David Pastrnak,RW,https://a.espncdn.com/combiner/i?img=/i/headshots/nhl/players/full/3114778.png&w=350&h=254,6,6.5,6,4,4,4,76.5,Change of Direction,52,1111,299.97,399.96,333.3,77.77,137,28.77,50.69,57.54,82,35,25,23,18.02
45134David Pastrnak,45134,David Pastrnak,RW,https://a.espncdn.com/combiner/i?img=/i/headshots/nhl/players/full/3114778.png&w=350&h=254,7,7,7,6.5,5.5,7,80.5,Max Velocity,39,1267,380.1,316.75,316.75,253.4,90,36,25.2,28.8,85,47,27,12,19.09
45141David Pastrnak,45141,David Pastrnak,RW,https://a.espncdn.com/combiner/i?img=/i/headshots/nhl/players/full/3114778.png&w=350&h=254,7,8,8,7,7,7,80,Max Velocity,73,1257,377.1,314.25,314.25,251.4,70,28,19.6,22.4,83,46,26,11,16.41
45118David Pastrnak,45118,David Pastrnak,RW,https://a.espncdn.com/combiner/i?img=/i/headshots/nhl/players/full/3114778.png&w=350&h=254,7,6,6,4.5,7.5,7,84.5,Change of Direction,30,1015,274.05,365.4,304.5,71.05,93,19.53,34.41,39.06,84,36,25,23,18.36
45146David Pastrnak,45146,David Pastrnak,RW,https://a.espncdn.com/combiner/i?img=/i/headshots/nhl/players/full/3114778.png&w=350&h=254,6.5,6,6,7,8.5,5,83,Change of Direction,41,968,261.36,348.48,290.4,67.76,133,27.93,49.21,55.86,63,27,19,17,15.25
45125David Pastrnak,45125,David Pastrnak,RW,https://a.espncdn.com/combiner/i?img=/i/headshots/nhl/players/full/3114778.png&w=350&h=254,8,8,7,8,5.5,5,78.5,Change of Direction,99,919,248.13,330.84,275.7,64.33,105,22.05,38.85,44.1,71,30,21,20,18.79
45120David Pastrnak,45120,David Pastrnak,RW,https://a.espncdn.com/combiner/i?img=/i/headshots/nhl/players/full/3114778.png&w=350&h=254,6,8,8,5,6,4,75,Max Velocity,104,1079,323.7,269.75,269.75,215.8,60,24,16.8,19.2,86,47,27,12,22.88
45117David Pastrnak,45117,David Pastrnak,RW,https://a.espncdn.com/combiner/i?img=/i/headshots/nhl/players/full/3114778.png&w=350&h=254,5,6,6,5.5,4,5,77,Acceleration,38,1171,292.75,491.82,257.62,128.81,34,17,7.48,9.52,34,18,10,6,22.36
45148David Pastrnak,45148,David Pastrnak,RW,https://a.espncdn.com/combiner/i?img=/i/headshots/nhl/players/full/3114778.png&w=350&h=254,7,8,9,3.5,7,6,78,Max Velocity,130,996,298.8,249,249,199.2,63,25.2,17.64,20.16,73,40,23,10,22.51
45138David Pastrnak,45138,David Pastrnak,RW,https://a.espncdn.com/combiner/i?img=/i/headshots/nhl/players/full/3114778.png&w=350&h=254,6,7.5,6,5,5.5,7,80,Acceleration,36,1106,276.5,464.52,243.32,121.66,21,10.5,4.62,5.88,32,17,10,6,10.16
45124David Pastrnak,45124,David Pastrnak,RW,https://a.espncdn.com/combiner/i?img=/i/headshots/nhl/players/full/3114778.png&w=350&h=254,5,6,6,4,5,8,81,Acceleration,42,1090,272.5,457.8,239.8,119.9,20,10,4.4,5.6,33,17,10,6,16.71
45127David Pastrnak,45127,David Pastrnak,RW,https://a.espncdn.com/combiner/i?img=/i/headshots/nhl/players/full/3114778.png&w=350&h=254,7,8,8,5.5,6.5,8,80.5,Max Velocity,65,945,283.5,236.25,236.25,189,87,34.8,24.36,27.84,73,40,23,10,20.1
45112David Pastrnak,45112,David Pastrnak,RW,https://a.espncdn.com/combiner/i?img=/i/headshots/nhl/players/full/3114778.png&w=350&h=254,5.5,8,7,3.5,4.5,7,77,Acceleration,38,1029,257.25,432.18,226.38,113.19,42,21,9.24,11.76,46,24,14,8,15.6
45145David Pastrnak,45145,David Pastrnak,RW,https://a.espncdn.com/combiner/i?img=/i/headshots/nhl/players/full/3114778.png&w=350&h=254,5,7,7,7.5,7.5,7,80.5,Acceleration,21,1021,255.25,428.82,224.62,112.31,50,25,11,14,33,17,10,6,14.23
45131David Pastrnak,45131,David Pastrnak,RW,https://a.espncdn.com/combiner/i?img=/i/headshots/nhl/players/full/3114778.png&w=350&h=254,5.5,8,8,4,4.5,6,75,Acceleration,36,962,240.5,404.04,211.64,105.82,60,30,13.2,16.8,45,23,14,8,12.92
45121Matthew Tkachuk,45121,Matthew Tkachuk,LW,https://a.espncdn.com/combiner/i?img=/i/headshots/nhl/players/full/4024854.png,6,7,7,5,6,6,79,Tempo,62,1348,215.68,337,471.8,323.52,15,2.4,4.5,8.1,12,7,4,0,15.46
45128Matthew Tkachuk,45128,Matthew Tkachuk,LW,https://a.espncdn.com/combiner/i?img=/i/headshots/nhl/players/full/4024854.png,7.5,8,8,6,6,6,78.5,Tempo,182,1273,203.68,318.25,445.55,305.52,8,1.28,2.4,4.32,19,12,7,0,22.45
45149Matthew Tkachuk,45149,Matthew Tkachuk,LW,https://a.espncdn.com/combiner/i?img=/i/headshots/nhl/players/full/4024854.png,7,7,7,4.5,8.5,6,82.5,Tempo,126,1187,189.92,296.75,415.45,284.88,9,1.44,2.7,4.86,12,7,4,0,21.18
45142Matthew Tkachuk,45142,Matthew Tkachuk,LW,https://a.espncdn.com/combiner/i?img=/i/headshots/nhl/players/full/4024854.png,7,6.5,8.5,8,6,6,79,Tempo,215,1137,181.92,284.25,397.95,272.88,17,2.72,5.1,9.18,16,10,6,0,17.91
45139Matthew Tkachuk,45139,Matthew Tkachuk,LW,https://a.espncdn.com/combiner/i?img=/i/headshots/nhl/players/full/4024854.png,7.5,6,6,5,7.5,8,86,Change of Direction,51,1253,338.31,451.08,375.9,87.71,91,19.11,33.67,38.22,64,27,19,18,15.58
45114Matthew Tkachuk,45114,Matthew Tkachuk,LW,https://a.espncdn.com/combiner/i?img=/i/headshots/nhl/players/full/4024854.png,6.5,6,6,7.5,7.5,5,82,Tempo,87,1035,165.6,258.75,362.25,248.4,13,2.08,3.9,7.02,14,9,5,0,22.85
45125Matthew Tkachuk,45125,Matthew Tkachuk,LW,https://a.espncdn.com/combiner/i?img=/i/headshots/nhl/players/full/4024854.png,7,6,6,7.5,5.5,7,82.5,Change of Direction,27,1136,306.72,408.96,340.8,79.52,126,26.46,46.62,52.92,87,37,26,24,16.01
45146Matthew Tkachuk,45146,Matthew Tkachuk,LW,https://a.espncdn.com/combiner/i?img=/i/headshots/nhl/players/full/4024854.png,6,8,8,3.5,4.5,6,75.5,Change of Direction,71,1134,306.18,408.24,340.2,79.38,110,23.1,40.7,46.2,87,37,26,24,14.34
45118Matthew Tkachuk,45118,Matthew Tkachuk,LW,https://a.espncdn.com/combiner/i?img=/i/headshots/nhl/players/full/4024854.png,6,6,6,4.5,7,5,81,Change of Direction,45,1121,302.67,403.56,336.3,78.47,102,21.42,37.74,42.84,86,37,26,24,14.14
45134Matthew Tkachuk,45134,Matthew Tkachuk,LW,https://a.espncdn.com/combiner/i?img=/i/headshots/nhl/players/full/4024854.png,6,7,7,5.5,6.5,4,77.5,Max Velocity,46,1279,383.7,319.75,319.75,255.8,76,30.4,21.28,24.32,85,47,27,12,18.94
45135Matthew Tkachuk,45135,Matthew Tkachuk,LW,https://a.espncdn.com/combiner/i?img=/i/headshots/nhl/players/full/4024854.png,6.5,8,8,4,4,4,73.5,Tempo,148,908,145.28,227,317.8,217.92,9,1.44,2.7,4.86,12,7,4,0,15.47
45148Matthew Tkachuk,45148,Matthew Tkachuk,LW,https://a.espncdn.com/combiner/i?img=/i/headshots/nhl/players/full/4024854.png,6,6,6,3.5,7.5,6,82.5,Max Velocity,130,1198,359.4,299.5,299.5,239.6,64,25.6,17.92,20.48,75,41,23,10,17.11
45132Matthew Tkachuk,45132,Matthew Tkachuk,LW,https://a.espncdn.com/combiner/i?img=/i/headshots/nhl/players/full/4024854.png,6,7,7,6.5,4,6,77,Change of Direction,65,937,252.99,337.32,281.1,65.59,96,20.16,35.52,40.32,72,31,22,20,17.14
45113Matthew Tkachuk,45113,Matthew Tkachuk,LW,https://a.espncdn.com/combiner/i?img=/i/headshots/nhl/players/full/4024854.png,6,8,8,4.5,8,4,77,Change of Direction,61,927,250.29,333.72,278.1,64.89,109,22.89,40.33,45.78,76,32,23,21,14.59
45138Matthew Tkachuk,45138,Matthew Tkachuk,LW,https://a.espncdn.com/combiner/i?img=/i/headshots/nhl/players/full/4024854.png,5,6,6,4,5,7,80,Acceleration,47,1217,304.25,511.14,267.74,133.87,47,23.5,10.34,13.16,43,22,13,8,18.58
45131Matthew Tkachuk,45131,Matthew Tkachuk,LW,https://a.espncdn.com/combiner/i?img=/i/headshots/nhl/players/full/4024854.png,6.5,7,7,5.5,6,4,77.5,Acceleration,36,1120,280,470.4,246.4,123.2,32,16,7.04,8.96,30,16,9,5,11.49
45120Matthew Tkachuk,45120,Matthew Tkachuk,LW,https://a.espncdn.com/combiner/i?img=/i/headshots/nhl/players/full/4024854.png,6.5,5,4.5,6,7,6,85,Max Velocity,61,969,290.7,242.25,242.25,193.8,82,32.8,22.96,26.24,73,40,23,10,20.15
45141Matthew Tkachuk,45141,Matthew Tkachuk,LW,https://a.espncdn.com/combiner/i?img=/i/headshots/nhl/players/full/4024854.png,5,7,7,7.5,6.5,8,80.5,Max Velocity,130,938,281.4,234.5,234.5,187.6,61,24.4,17.08,19.52,74,41,23,10,23.93
45117Matthew Tkachuk,45117,Matthew Tkachuk,LW,https://a.espncdn.com/combiner/i?img=/i/headshots/nhl/players/full/4024854.png,8.5,5,8,4.5,8,6,84.5,Acceleration,44,1064,266,446.88,234.08,117.04,50,25,11,14,31,16,9,6,22.83
45127Matthew Tkachuk,45127,Matthew Tkachuk,LW,https://a.espncdn.com/combiner/i?img=/i/headshots/nhl/players/full/4024854.png,6,7,7,3.5,7,4,78,Max Velocity,37,923,276.9,230.75,230.75,184.6,76,30.4,21.28,24.32,87,48,27,12,22.09
45145Matthew Tkachuk,45145,Matthew Tkachuk,LW,https://a.espncdn.com/combiner/i?img=/i/headshots/nhl/players/full/4024854.png,5,8,8,7,6.5,7,77.5,Acceleration,39,957,239.25,401.94,210.54,105.27,32,16,7.04,8.96,30,16,9,5,21.42
45112Matthew Tkachuk,45112,Matthew Tkachuk,LW,https://a.espncdn.com/combiner/i?img=/i/headshots/nhl/players/full/4024854.png,7.5,6,6,8,4,6,80.5,Acceleration,21,950,237.5,399,209,104.5,39,19.5,8.58,10.92,34,18,10,6,22.34
45124Matthew Tkachuk,45124,Matthew Tkachuk,LW,https://a.espncdn.com/combiner/i?img=/i/headshots/nhl/players/full/4024854.png,5,6,6,6,4.5,7,79.5,Acceleration,41,920,230,386.4,202.4,101.2,47,23.5,10.34,13.16,43,22,13,8,17.61
45149Mikko Rantanen,45149,Mikko Rantanen,RW,https://a.espncdn.com/combiner/i?img=/i/headshots/nhl/players/full/3899938.png&w=350&h=254,9,6,6,7,7,4,83,Tempo,140,1299,207.84,324.75,454.65,311.76,16,2.56,4.8,8.64,12,7,4,0,14.53
45142Mikko Rantanen,45142,Mikko Rantanen,RW,https://a.espncdn.com/combiner/i?img=/i/headshots/nhl/players/full/3899938.png&w=350&h=254,6,8,8,5.5,4.5,4,73.5,Tempo,192,1229,196.64,307.25,430.15,294.96,10,1.6,3,5.4,15,9,5,0,15.55
45114Mikko Rantanen,45114,Mikko Rantanen,RW,https://a.espncdn.com/combiner/i?img=/i/headshots/nhl/players/full/3899938.png&w=350&h=254,8,6,6,7,5,8,84,Tempo,110,1195,191.2,298.75,418.25,286.8,11,1.76,3.3,5.94,14,9,5,0,17.2
45139Mikko Rantanen,45139,Mikko Rantanen,RW,https://a.espncdn.com/combiner/i?img=/i/headshots/nhl/players/full/3899938.png&w=350&h=254,6.5,8,6,7,4,7,78.5,Change of Direction,71,1273,343.71,458.28,381.9,89.11,113,23.73,41.81,47.46,84,36,25,23,15.9
45135Mikko Rantanen,45135,Mikko Rantanen,RW,https://a.espncdn.com/combiner/i?img=/i/headshots/nhl/players/full/3899938.png&w=350&h=254,7,7.5,6,4.5,7.5,7,83,Tempo,68,1060,169.6,265,371,254.4,15,2.4,4.5,8.1,18,11,6,0,19
45121Mikko Rantanen,45121,Mikko Rantanen,RW,https://a.espncdn.com/combiner/i?img=/i/headshots/nhl/players/full/3899938.png&w=350&h=254,7.5,8,8,4,7,6,79.5,Tempo,65,1037,165.92,259.25,362.95,248.88,15,2.4,4.5,8.1,12,7,4,0,22.32
45128Mikko Rantanen,45128,Mikko Rantanen,RW,https://a.espncdn.com/combiner/i?img=/i/headshots/nhl/players/full/3899938.png&w=350&h=254,7.5,6,7,6.5,7.5,4,81,Tempo,130,1020,163.2,255,357,244.8,8,1.28,2.4,4.32,12,7,4,0,13.13
45118Mikko Rantanen,45118,Mikko Rantanen,RW,https://a.espncdn.com/combiner/i?img=/i/headshots/nhl/players/full/3899938.png&w=350&h=254,7,7,7,5.5,8,4,80,Change of Direction,101,1092,294.84,393.12,327.6,76.44,65,13.65,24.05,27.3,72,31,22,20,17.68
45113Mikko Rantanen,45113,Mikko Rantanen,RW,https://a.espncdn.com/combiner/i?img=/i/headshots/nhl/players/full/3899938.png&w=350&h=254,6.5,7,7,6.5,6,7,80.5,Change of Direction,42,1079,291.33,388.44,323.7,75.53,71,14.91,26.27,29.82,73,31,22,20,13.5
45132Mikko Rantanen,45132,Mikko Rantanen,RW,https://a.espncdn.com/combiner/i?img=/i/headshots/nhl/players/full/3899938.png&w=350&h=254,7,8,8,8,6.5,6,78.5,Change of Direction,68,1075,290.25,387,322.5,75.25,111,23.31,41.07,46.62,88,37,26,24,18.03
45120Mikko Rantanen,45120,Mikko Rantanen,RW,https://a.espncdn.com/combiner/i?img=/i/headshots/nhl/players/full/3899938.png&w=350&h=254,7,6,6,4,8.5,6,84.5,Max Velocity,68,1264,379.2,316,316,252.8,100,40,28,32,87,48,27,12,15.2
45134Mikko Rantanen,45134,Mikko Rantanen,RW,https://a.espncdn.com/combiner/i?img=/i/headshots/nhl/players/full/3899938.png&w=350&h=254,7,8,9,4.5,6.5,6,77.5,Max Velocity,84,1254,376.2,313.5,313.5,250.8,60,24,16.8,19.2,80,44,25,11,16.76
45127Mikko Rantanen,45127,Mikko Rantanen,RW,https://a.espncdn.com/combiner/i?img=/i/headshots/nhl/players/full/3899938.png&w=350&h=254,6.5,5,4.5,7,4.5,5,81.5,Max Velocity,44,1184,355.2,296,296,236.8,75,30,21,24,80,44,25,11,21.55
45146Mikko Rantanen,45146,Mikko Rantanen,RW,https://a.espncdn.com/combiner/i?img=/i/headshots/nhl/players/full/3899938.png&w=350&h=254,6.5,6,6,4.5,5.5,8,83,Change of Direction,37,984,265.68,354.24,295.2,68.88,96,20.16,35.52,40.32,67,28,20,18,15.68
45131Mikko Rantanen,45131,Mikko Rantanen,RW,https://a.espncdn.com/combiner/i?img=/i/headshots/nhl/players/full/3899938.png&w=350&h=254,6,6,6,7.5,4,5,78,Acceleration,13,1321,330.25,554.82,290.62,145.31,26,13,5.72,7.28,32,17,10,6,22.81
45117Mikko Rantanen,45117,Mikko Rantanen,RW,https://a.espncdn.com/combiner/i?img=/i/headshots/nhl/players/full/3899938.png&w=350&h=254,6,7,7,4,8.5,4,79.5,Acceleration,35,1270,317.5,533.4,279.4,139.7,32,16,7.04,8.96,37,19,11,7,16.44
45125Mikko Rantanen,45125,Mikko Rantanen,RW,https://a.espncdn.com/combiner/i?img=/i/headshots/nhl/players/full/3899938.png&w=350&h=254,6.5,6,6,7,8.5,7,85,Change of Direction,32,917,247.59,330.12,275.1,64.19,96,20.16,35.52,40.32,83,35,25,23,16.32
45141Mikko Rantanen,45141,Mikko Rantanen,RW,https://a.espncdn.com/combiner/i?img=/i/headshots/nhl/players/full/3899938.png&w=350&h=254,7,8,8,4.5,6.5,6,78.5,Max Velocity,33,1092,327.6,273,273,218.4,78,31.2,21.84,24.96,83,46,26,11,23.78
45124Mikko Rantanen,45124,Mikko Rantanen,RW,https://a.espncdn.com/combiner/i?img=/i/headshots/nhl/players/full/3899938.png&w=350&h=254,7,6,6,4,7.5,8,85.5,Acceleration,15,1217,304.25,511.14,267.74,133.87,44,22,9.68,12.32,36,19,11,6,14.13
45148Mikko Rantanen,45148,Mikko Rantanen,RW,https://a.espncdn.com/combiner/i?img=/i/headshots/nhl/players/full/3899938.png&w=350&h=254,6,6,6,5,8.5,6,83.5,Max Velocity,46,1059,317.7,264.75,264.75,211.8,97,38.8,27.16,31.04,73,40,23,10,18.62
45112Mikko Rantanen,45112,Mikko Rantanen,RW,https://a.espncdn.com/combiner/i?img=/i/headshots/nhl/players/full/3899938.png&w=350&h=254,5,8,8,7.5,6,8,78,Acceleration,45,1139,284.75,478.38,250.58,125.29,26,13,5.72,7.28,34,18,10,6,13.31
45145Mikko Rantanen,45145,Mikko Rantanen,RW,https://a.espncdn.com/combiner/i?img=/i/headshots/nhl/players/full/3899938.png&w=350&h=254,5,7,6,7.5,6.5,5,78.5,Acceleration,17,1120,280,470.4,246.4,123.2,33,16.5,7.26,9.24,48,25,14,9,19.62
45138Mikko Rantanen,45138,Mikko Rantanen,RW,https://a.espncdn.com/combiner/i?img=/i/headshots/nhl/players/full/3899938.png&w=350&h=254,6,7,7,6,7.5,8,82.5,Acceleration,26,913,228.25,383.46,200.86,100.43,53,26.5,11.66,14.84,47,24,14,8,10.72
45114Nathan MacKinnon,45114,Nathan MacKinnon,C,https://a.espncdn.com/combiner/i?img=/i/headshots/nhl/players/full/3041969.png&w=350&h=254,8,8,8,5,5.5,8,80.5,Tempo,107,1317,210.72,329.25,460.95,316.08,13,2.08,3.9,7.02,15,9,5,0,16.23
45128Nathan MacKinnon,45128,Nathan MacKinnon,C,https://a.espncdn.com/combiner/i?img=/i/headshots/nhl/players/full/3041969.png&w=350&h=254,7,7.5,7,3.5,7.5,6,81,Tempo,115,1228,196.48,307,429.8,294.72,16,2.56,4.8,8.64,13,8,5,0,20.69
45142Nathan MacKinnon,45142,Nathan MacKinnon,C,https://a.espncdn.com/combiner/i?img=/i/headshots/nhl/players/full/3041969.png&w=350&h=254,8,6,6,6.5,6.5,4,81.5,Tempo,149,1145,183.2,286.25,400.75,274.8,12,1.92,3.6,6.48,20,12,7,0,16.6
45135Nathan MacKinnon,45135,Nathan MacKinnon,C,https://a.espncdn.com/combiner/i?img=/i/headshots/nhl/players/full/3041969.png&w=350&h=254,7,7,7,4,8,7,83,Tempo,88,1134,181.44,283.5,396.9,272.16,9,1.44,2.7,4.86,12,7,4,0,15.74
45118Nathan MacKinnon,45118,Nathan MacKinnon,C,https://a.espncdn.com/combiner/i?img=/i/headshots/nhl/players/full/3041969.png&w=350&h=254,6.5,7,7,8,6.5,6,80,Change of Direction,69,1270,342.9,457.2,381,88.9,74,15.54,27.38,31.08,65,28,20,18,18.22
45125Nathan MacKinnon,45125,Nathan MacKinnon,C,https://a.espncdn.com/combiner/i?img=/i/headshots/nhl/players/full/3041969.png&w=350&h=254,6,7,7,6,4.5,8,79.5,Change of Direction,80,1176,317.52,423.36,352.8,82.32,134,28.14,49.58,56.28,80,34,24,22,16.49
45146Nathan MacKinnon,45146,Nathan MacKinnon,C,https://a.espncdn.com/combiner/i?img=/i/headshots/nhl/players/full/3041969.png&w=350&h=254,6,6,6,7,6.5,7,82.5,Change of Direction,68,1133,305.91,407.88,339.9,79.31,129,27.09,47.73,54.18,66,28,20,18,17.19
45121Nathan MacKinnon,45121,Nathan MacKinnon,C,https://a.espncdn.com/combiner/i?img=/i/headshots/nhl/players/full/3041969.png&w=350&h=254,8,7,7,3.5,4,8,81,Tempo,114,940,150.4,235,329,225.6,12,1.92,3.6,6.48,13,8,5,0,22.11
45127Nathan MacKinnon,45127,Nathan MacKinnon,C,https://a.espncdn.com/combiner/i?img=/i/headshots/nhl/players/full/3041969.png&w=350&h=254,6,8,8,5,6,6,77,Max Velocity,52,1309,392.7,327.25,327.25,261.8,68,27.2,19.04,21.76,84,46,26,12,21.21
45149Nathan MacKinnon,45149,Nathan MacKinnon,C,https://a.espncdn.com/combiner/i?img=/i/headshots/nhl/players/full/3041969.png&w=350&h=254,7.5,6,6,6.5,6.5,4,81,Tempo,147,930,148.8,232.5,325.5,223.2,12,1.92,3.6,6.48,12,7,4,0,13.75
45120Nathan MacKinnon,45120,Nathan MacKinnon,C,https://a.espncdn.com/combiner/i?img=/i/headshots/nhl/players/full/3041969.png&w=350&h=254,7,7,7,7,7,7,82,Max Velocity,97,1297,389.1,324.25,324.25,259.4,84,33.6,23.52,26.88,88,48,27,12,21.66
45148Nathan MacKinnon,45148,Nathan MacKinnon,C,https://a.espncdn.com/combiner/i?img=/i/headshots/nhl/players/full/3041969.png&w=350&h=254,6.5,7,7,4,8,6,81.5,Max Velocity,21,1263,378.9,315.75,315.75,252.6,67,26.8,18.76,21.44,82,45,26,11,19.13
45132Nathan MacKinnon,45132,Nathan MacKinnon,C,https://a.espncdn.com/combiner/i?img=/i/headshots/nhl/players/full/3041969.png&w=350&h=254,7,8,8,4,7.5,8,81.5,Change of Direction,98,1003,270.81,361.08,300.9,70.21,132,27.72,48.84,55.44,65,28,20,18,16.64
45113Nathan MacKinnon,45113,Nathan MacKinnon,C,https://a.espncdn.com/combiner/i?img=/i/headshots/nhl/players/full/3041969.png&w=350&h=254,6,7,7.5,4,4,7,77.5,Change of Direction,83,929,250.83,334.44,278.7,65.03,84,17.64,31.08,35.28,66,28,20,18,15.37
45139Nathan MacKinnon,45139,Nathan MacKinnon,C,https://a.espncdn.com/combiner/i?img=/i/headshots/nhl/players/full/3041969.png&w=350&h=254,6,8,7,5.5,7,6,79,Change of Direction,57,927,250.29,333.72,278.1,64.89,103,21.63,38.11,43.26,71,30,21,20,14.28
45124Nathan MacKinnon,45124,Nathan MacKinnon,C,https://a.espncdn.com/combiner/i?img=/i/headshots/nhl/players/full/3041969.png&w=350&h=254,5,7,7.5,5,6,8,79.5,Acceleration,16,1219,304.75,511.98,268.18,134.09,34,17,7.48,9.52,42,22,13,8,15.58
45131Nathan MacKinnon,45131,Nathan MacKinnon,C,https://a.espncdn.com/combiner/i?img=/i/headshots/nhl/players/full/3041969.png&w=350&h=254,7,8,8,8,4,4,74,Acceleration,30,1214,303.5,509.88,267.08,133.54,50,25,11,14,49,25,15,9,21.91
45112Nathan MacKinnon,45112,Nathan MacKinnon,C,https://a.espncdn.com/combiner/i?img=/i/headshots/nhl/players/full/3041969.png&w=350&h=254,5,8,8,6,4,4,72,Acceleration,29,1171,292.75,491.82,257.62,128.81,24,12,5.28,6.72,34,18,10,6,10.8
45134Nathan MacKinnon,45134,Nathan MacKinnon,C,https://a.espncdn.com/combiner/i?img=/i/headshots/nhl/players/full/3041969.png&w=350&h=254,6,7,7,3.5,7.5,5,79.5,Max Velocity,81,970,291,242.5,242.5,194,100,40,28,32,86,47,27,12,16.62
45141Nathan MacKinnon,45141,Nathan MacKinnon,C,https://a.espncdn.com/combiner/i?img=/i/headshots/nhl/players/full/3041969.png&w=350&h=254,7,7,7.5,6,8,8,83.5,Max Velocity,103,953,285.9,238.25,238.25,190.6,74,29.6,20.72,23.68,77,42,24,11,20.51
45117Nathan MacKinnon,45117,Nathan MacKinnon,C,https://a.espncdn.com/combiner/i?img=/i/headshots/nhl/players/full/3041969.png&w=350&h=254,7,5,7,6.5,8,8,86,Acceleration,46,1035,258.75,434.7,227.7,113.85,53,26.5,11.66,14.84,37,19,11,7,19.94
45145Nathan MacKinnon,45145,Nathan MacKinnon,C,https://a.espncdn.com/combiner/i?img=/i/headshots/nhl/players/full/3041969.png&w=350&h=254,6.5,6.5,6,6,5.5,5,79.5,Acceleration,34,951,237.75,399.42,209.22,104.61,48,24,10.56,13.44,33,17,10,6,19.14
45138Nathan MacKinnon,45138,Nathan MacKinnon,C,https://a.espncdn.com/combiner/i?img=/i/headshots/nhl/players/full/3041969.png&w=350&h=254,7,8,7.5,7,6.5,8,81,Acceleration,36,949,237.25,398.58,208.78,104.39,37,18.5,8.14,10.36,49,25,15,9,12.17
45149Sidney Crosby,45149,Sidney Crosby,C,https://a.espncdn.com/combiner/i?img=/i/headshots/nhl/players/full/3114.png&w=350&h=254,9,6,6,7,7,4,83,Tempo,140,1299,207.84,324.75,454.65,311.76,16,2.56,4.8,8.64,12,7,4,0,14.53
45142Sidney Crosby,45142,Sidney Crosby,C,https://a.espncdn.com/combiner/i?img=/i/headshots/nhl/players/full/3114.png&w=350&h=254,6,8,8,5.5,4.5,4,73.5,Tempo,192,1229,196.64,307.25,430.15,294.96,10,1.6,3,5.4,15,9,5,0,15.55
45114Sidney Crosby,45114,Sidney Crosby,C,https://a.espncdn.com/combiner/i?img=/i/headshots/nhl/players/full/3114.png&w=350&h=254,8,6,6,7,5,8,84,Tempo,110,1195,191.2,298.75,418.25,286.8,11,1.76,3.3,5.94,14,9,5,0,17.2
45139Sidney Crosby,45139,Sidney Crosby,C,https://a.espncdn.com/combiner/i?img=/i/headshots/nhl/players/full/3114.png&w=350&h=254,6.5,8,6,7,4,7,78.5,Change of Direction,71,1273,343.71,458.28,381.9,89.11,113,23.73,41.81,47.46,84,36,25,23,15.9
45135Sidney Crosby,45135,Sidney Crosby,C,https://a.espncdn.com/combiner/i?img=/i/headshots/nhl/players/full/3114.png&w=350&h=254,7,7.5,6,4.5,7.5,7,83,Tempo,68,1060,169.6,265,371,254.4,15,2.4,4.5,8.1,18,11,6,0,19
45121Sidney Crosby,45121,Sidney Crosby,C,https://a.espncdn.com/combiner/i?img=/i/headshots/nhl/players/full/3114.png&w=350&h=254,7.5,8,8,4,7,6,79.5,Tempo,65,1037,165.92,259.25,362.95,248.88,15,2.4,4.5,8.1,12,7,4,0,22.32
45128Sidney Crosby,45128,Sidney Crosby,C,https://a.espncdn.com/combiner/i?img=/i/headshots/nhl/players/full/3114.png&w=350&h=254,7.5,6,7,6.5,7.5,4,81,Tempo,130,1020,163.2,255,357,244.8,8,1.28,2.4,4.32,12,7,4,0,13.13
45118Sidney Crosby,45118,Sidney Crosby,C,https://a.espncdn.com/combiner/i?img=/i/headshots/nhl/players/full/3114.png&w=350&h=254,7,7,7,5.5,8,4,80,Change of Direction,101,1092,294.84,393.12,327.6,76.44,65,13.65,24.05,27.3,72,31,22,20,17.68
45113Sidney Crosby,45113,Sidney Crosby,C,https://a.espncdn.com/combiner/i?img=/i/headshots/nhl/players/full/3114.png&w=350&h=254,6.5,7,7,6.5,6,7,80.5,Change of Direction,42,1079,291.33,388.44,323.7,75.53,71,14.91,26.27,29.82,73,31,22,20,13.5
45132Sidney Crosby,45132,Sidney Crosby,C,https://a.espncdn.com/combiner/i?img=/i/headshots/nhl/players/full/3114.png&w=350&h=254,7,8,8,8,6.5,6,78.5,Change of Direction,68,1075,290.25,387,322.5,75.25,111,23.31,41.07,46.62,88,37,26,24,18.03
45120Sidney Crosby,45120,Sidney Crosby,C,https://a.espncdn.com/combiner/i?img=/i/headshots/nhl/players/full/3114.png&w=350&h=254,7,6,6,4,8.5,6,84.5,Max Velocity,68,1264,379.2,316,316,252.8,100,40,28,32,87,48,27,12,15.2
45134Sidney Crosby,45134,Sidney Crosby,C,https://a.espncdn.com/combiner/i?img=/i/headshots/nhl/players/full/3114.png&w=350&h=254,7,8,9,4.5,6.5,6,77.5,Max Velocity,84,1254,376.2,313.5,313.5,250.8,60,24,16.8,19.2,80,44,25,11,16.76
45127Sidney Crosby,45127,Sidney Crosby,C,https://a.espncdn.com/combiner/i?img=/i/headshots/nhl/players/full/3114.png&w=350&h=254,6.5,5,4.5,7,4.5,5,81.5,Max Velocity,44,1184,355.2,296,296,236.8,75,30,21,24,80,44,25,11,21.55
45146Sidney Crosby,45146,Sidney Crosby,C,https://a.espncdn.com/combiner/i?img=/i/headshots/nhl/players/full/3114.png&w=350&h=254,6.5,6,6,4.5,5.5,8,83,Change of Direction,37,984,265.68,354.24,295.2,68.88,96,20.16,35.52,40.32,67,28,20,18,15.68
45131Sidney Crosby,45131,Sidney Crosby,C,https://a.espncdn.com/combiner/i?img=/i/headshots/nhl/players/full/3114.png&w=350&h=254,6,6,6,7.5,4,5,78,Acceleration,13,1321,330.25,554.82,290.62,145.31,26,13,5.72,7.28,32,17,10,6,22.81
45117Sidney Crosby,45117,Sidney Crosby,C,https://a.espncdn.com/combiner/i?img=/i/headshots/nhl/players/full/3114.png&w=350&h=254,6,7,7,4,8.5,4,79.5,Acceleration,35,1270,317.5,533.4,279.4,139.7,32,16,7.04,8.96,37,19,11,7,16.44
45125Sidney Crosby,45125,Sidney Crosby,C,https://a.espncdn.com/combiner/i?img=/i/headshots/nhl/players/full/3114.png&w=350&h=254,6.5,6,6,7,8.5,7,85,Change of Direction,32,917,247.59,330.12,275.1,64.19,96,20.16,35.52,40.32,83,35,25,23,16.32
45141Sidney Crosby,45141,Sidney Crosby,C,https://a.espncdn.com/combiner/i?img=/i/headshots/nhl/players/full/3114.png&w=350&h=254,7,8,8,4.5,6.5,6,78.5,Max Velocity,33,1092,327.6,273,273,218.4,78,31.2,21.84,24.96,83,46,26,11,23.78
45124Sidney Crosby,45124,Sidney Crosby,C,https://a.espncdn.com/combiner/i?img=/i/headshots/nhl/players/full/3114.png&w=350&h=254,7,6,6,4,7.5,8,85.5,Acceleration,15,1217,304.25,511.14,267.74,133.87,44,22,9.68,12.32,36,19,11,6,14.13
45148Sidney Crosby,45148,Sidney Crosby,C,https://a.espncdn.com/combiner/i?img=/i/headshots/nhl/players/full/3114.png&w=350&h=254,6,6,6,5,8.5,6,83.5,Max Velocity,46,1059,317.7,264.75,264.75,211.8,97,38.8,27.16,31.04,73,40,23,10,18.62
45112Sidney Crosby,45112,Sidney Crosby,C,https://a.espncdn.com/combiner/i?img=/i/headshots/nhl/players/full/3114.png&w=350&h=254,5,8,8,7.5,6,8,78,Acceleration,45,1139,284.75,478.38,250.58,125.29,26,13,5.72,7.28,34,18,10,6,13.31
45145Sidney Crosby,45145,Sidney Crosby,C,https://a.espncdn.com/combiner/i?img=/i/headshots/nhl/players/full/3114.png&w=350&h=254,5,7,6,7.5,6.5,5,78.5,Acceleration,17,1120,280,470.4,246.4,123.2,33,16.5,7.26,9.24,48,25,14,9,19.62
45138Sidney Crosby,45138,Sidney Crosby,C,https://a.espncdn.com/combiner/i?img=/i/headshots/nhl/players/full/3114.png&w=350&h=254,6,7,7,6,7.5,8,82.5,Acceleration,26,913,228.25,383.46,200.86,100.43,53,26.5,11.66,14.84,47,24,14,8,10.72
45114Victor Hedman,45114,Victor Hedman,D,https://a.espncdn.com/combiner/i?img=/i/headshots/nhl/players/full/5157.png&w=350&h=254,6,6,6,5.5,5,7,81,Tempo,184,1291,206.56,322.75,451.85,309.84,17,2.72,5.1,9.18,15,9,5,0,16.61
45121Victor Hedman,45121,Victor Hedman,D,https://a.espncdn.com/combiner/i?img=/i/headshots/nhl/players/full/5157.png&w=350&h=254,5.5,6,6.5,6.5,7,4,79,Tempo,79,1184,189.44,296,414.4,284.16,12,1.92,3.6,6.48,19,12,7,0,22.2
45139Victor Hedman,45139,Victor Hedman,D,https://a.espncdn.com/combiner/i?img=/i/headshots/nhl/players/full/5157.png&w=350&h=254,8,6,6,8,5,5,81,Change of Direction,83,1327,358.29,477.72,398.1,92.89,69,14.49,25.53,28.98,72,31,22,20,16.93
45135Victor Hedman,45135,Victor Hedman,D,https://a.espncdn.com/combiner/i?img=/i/headshots/nhl/players/full/5157.png&w=350&h=254,6.5,9,8,8,7,6,77.5,Tempo,223,1065,170.4,266.25,372.75,255.6,11,1.76,3.3,5.94,15,9,5,0,15.98
45146Victor Hedman,45146,Victor Hedman,D,https://a.espncdn.com/combiner/i?img=/i/headshots/nhl/players/full/5157.png&w=350&h=254,6.5,7,6,4.5,8.5,6,83,Change of Direction,73,1241,335.07,446.76,372.3,86.87,133,27.93,49.21,55.86,81,34,24,22,18
45149Victor Hedman,45149,Victor Hedman,D,https://a.espncdn.com/combiner/i?img=/i/headshots/nhl/players/full/5157.png&w=350&h=254,6,6,6,5.5,4,4,77,Tempo,132,1020,163.2,255,357,244.8,11,1.76,3.3,5.94,14,9,5,0,14.24
45125Victor Hedman,45125,Victor Hedman,D,https://a.espncdn.com/combiner/i?img=/i/headshots/nhl/players/full/5157.png&w=350&h=254,7.5,7,7,3.5,7,8,83.5,Change of Direction,31,1181,318.87,425.16,354.3,82.67,79,16.59,29.23,33.18,79,34,24,22,13.57
45142Victor Hedman,45142,Victor Hedman,D,https://a.espncdn.com/combiner/i?img=/i/headshots/nhl/players/full/5157.png&w=350&h=254,6.5,7,7,4.5,4,7,78.5,Tempo,105,1005,160.8,251.25,351.75,241.2,14,2.24,4.2,7.56,21,13,8,0,18.65
45128Victor Hedman,45128,Victor Hedman,D,https://a.espncdn.com/combiner/i?img=/i/headshots/nhl/players/full/5157.png&w=350&h=254,6.5,8.5,8,4.5,6.5,6,77.5,Tempo,143,974,155.84,243.5,340.9,233.76,14,2.24,4.2,7.56,18,11,6,0,18.11
45113Victor Hedman,45113,Victor Hedman,D,https://a.espncdn.com/combiner/i?img=/i/headshots/nhl/players/full/5157.png&w=350&h=254,5,8,7,7.5,8,4,77,Change of Direction,84,1098,296.46,395.28,329.4,76.86,68,14.28,25.16,28.56,71,30,21,20,17.33
45124Victor Hedman,45124,Victor Hedman,D,https://a.espncdn.com/combiner/i?img=/i/headshots/nhl/players/full/5157.png&w=350&h=254,5,8,8,7,8,4,76,Acceleration,34,1318,329.5,553.56,289.96,144.98,45,22.5,9.9,12.6,44,23,13,8,21.49
45117Victor Hedman,45117,Victor Hedman,D,https://a.espncdn.com/combiner/i?img=/i/headshots/nhl/players/full/5157.png&w=350&h=254,5,8,8,5.5,6,7,77,Acceleration,23,1317,329.25,553.14,289.74,144.87,54,27,11.88,15.12,49,25,15,9,22.62
45118Victor Hedman,45118,Victor Hedman,D,https://a.espncdn.com/combiner/i?img=/i/headshots/nhl/players/full/5157.png&w=350&h=254,5,6,6,6,8,5,81,Change of Direction,23,961,259.47,345.96,288.3,67.27,121,25.41,44.77,50.82,85,36,26,23,15.67
45138Victor Hedman,45138,Victor Hedman,D,https://a.espncdn.com/combiner/i?img=/i/headshots/nhl/players/full/5157.png&w=350&h=254,7,7,7,4,7,5,80,Acceleration,47,1291,322.75,542.22,284.02,142.01,37,18.5,8.14,10.36,32,17,10,6,15.73
45132Victor Hedman,45132,Victor Hedman,D,https://a.espncdn.com/combiner/i?img=/i/headshots/nhl/players/full/5157.png&w=350&h=254,5,7,7,4,8,4,78,Change of Direction,101,928,250.56,334.08,278.4,64.96,92,19.32,34.04,38.64,88,37,26,24,14.06
45112Victor Hedman,45112,Victor Hedman,D,https://a.espncdn.com/combiner/i?img=/i/headshots/nhl/players/full/5157.png&w=350&h=254,7,6,6,4,5,6,81,Acceleration,33,1251,312.75,525.42,275.22,137.61,26,13,5.72,7.28,32,17,10,6,12.13
45127Victor Hedman,45127,Victor Hedman,D,https://a.espncdn.com/combiner/i?img=/i/headshots/nhl/players/full/5157.png&w=350&h=254,5,7,7,6.5,7.5,6,79.5,Max Velocity,59,1071,321.3,267.75,267.75,214.2,92,36.8,25.76,29.44,82,45,26,11,22.02
45141Victor Hedman,45141,Victor Hedman,D,https://a.espncdn.com/combiner/i?img=/i/headshots/nhl/players/full/5157.png&w=350&h=254,5,6,6,7.5,4.5,5,77.5,Max Velocity,131,1071,321.3,267.75,267.75,214.2,79,31.6,22.12,25.28,83,46,26,11,16.47
45131Victor Hedman,45131,Victor Hedman,D,https://a.espncdn.com/combiner/i?img=/i/headshots/nhl/players/full/5157.png&w=350&h=254,7.5,6,6,8,4.5,8,83,Acceleration,28,1213,303.25,509.46,266.86,133.43,48,24,10.56,13.44,39,20,12,7,18.93
45148Victor Hedman,45148,Victor Hedman,D,https://a.espncdn.com/combiner/i?img=/i/headshots/nhl/players/full/5157.png&w=350&h=254,6.5,8,8,7.5,8,5,78.5,Max Velocity,84,1032,309.6,258,258,206.4,75,30,21,24,88,48,27,12,18.52
45134Victor Hedman,45134,Victor Hedman,D,https://a.espncdn.com/combiner/i?img=/i/headshots/nhl/players/full/5157.png&w=350&h=254,5,6,6,4.5,4.5,7,79.5,Max Velocity,111,1004,301.2,251,251,200.8,98,39.2,27.44,31.36,77,42,24,11,14.87
45145Victor Hedman,45145,Victor Hedman,D,https://a.espncdn.com/combiner/i?img=/i/headshots/nhl/players/full/5157.png&w=350&h=254,6.5,7,7,6.5,7.5,4,79,Acceleration,28,1069,267.25,448.98,235.18,117.59,36,18,7.92,10.08,34,18,10,6,10.59
45120Victor Hedman,45120,Victor Hedman,D,https://a.espncdn.com/combiner/i?img=/i/headshots/nhl/players/full/5157.png&w=350&h=254,6,8,8,3.5,8,8,81,Max Velocity,85,919,275.7,229.75,229.75,183.8,84,33.6,23.52,26.88,79,43,25,11,14.52
45149Roman Josi,45149,Roman Josi,D,https://a.espncdn.com/combiner/i?img=/i/headshots/nhl/players/full/5436.png&w=350&h=254,9,6,6,7,7,4,83,Tempo,140,1299,207.84,324.75,454.65,311.76,16,2.56,4.8,8.64,12,7,4,0,14.53
45142Roman Josi,45142,Roman Josi,D,https://a.espncdn.com/combiner/i?img=/i/headshots/nhl/players/full/5436.png&w=350&h=254,6,8,8,5.5,4.5,4,73.5,Tempo,192,1229,196.64,307.25,430.15,294.96,10,1.6,3,5.4,15,9,5,0,15.55
45114Roman Josi,45114,Roman Josi,D,https://a.espncdn.com/combiner/i?img=/i/headshots/nhl/players/full/5436.png&w=350&h=254,8,6,6,7,5,8,84,Tempo,110,1195,191.2,298.75,418.25,286.8,11,1.76,3.3,5.94,14,9,5,0,17.2
45139Roman Josi,45139,Roman Josi,D,https://a.espncdn.com/combiner/i?img=/i/headshots/nhl/players/full/5436.png&w=350&h=254,6.5,8,6,7,4,7,78.5,Change of Direction,71,1273,343.71,458.28,381.9,89.11,113,23.73,41.81,47.46,84,36,25,23,15.9
45135Roman Josi,45135,Roman Josi,D,https://a.espncdn.com/combiner/i?img=/i/headshots/nhl/players/full/5436.png&w=350&h=254,7,7.5,6,4.5,7.5,7,83,Tempo,68,1060,169.6,265,371,254.4,15,2.4,4.5,8.1,18,11,6,0,19
45121Roman Josi,45121,Roman Josi,D,https://a.espncdn.com/combiner/i?img=/i/headshots/nhl/players/full/5436.png&w=350&h=254,7.5,8,8,4,7,6,79.5,Tempo,65,1037,165.92,259.25,362.95,248.88,15,2.4,4.5,8.1,12,7,4,0,22.32
45128Roman Josi,45128,Roman Josi,D,https://a.espncdn.com/combiner/i?img=/i/headshots/nhl/players/full/5436.png&w=350&h=254,7.5,6,7,6.5,7.5,4,81,Tempo,130,1020,163.2,255,357,244.8,8,1.28,2.4,4.32,12,7,4,0,13.13
45118Roman Josi,45118,Roman Josi,D,https://a.espncdn.com/combiner/i?img=/i/headshots/nhl/players/full/5436.png&w=350&h=254,7,7,7,5.5,8,4,80,Change of Direction,101,1092,294.84,393.12,327.6,76.44,65,13.65,24.05,27.3,72,31,22,20,17.68
45113Roman Josi,45113,Roman Josi,D,https://a.espncdn.com/combiner/i?img=/i/headshots/nhl/players/full/5436.png&w=350&h=254,6.5,7,7,6.5,6,7,80.5,Change of Direction,42,1079,291.33,388.44,323.7,75.53,71,14.91,26.27,29.82,73,31,22,20,13.5
45132Roman Josi,45132,Roman Josi,D,https://a.espncdn.com/combiner/i?img=/i/headshots/nhl/players/full/5436.png&w=350&h=254,7,8,8,8,6.5,6,78.5,Change of Direction,68,1075,290.25,387,322.5,75.25,111,23.31,41.07,46.62,88,37,26,24,18.03
45120Roman Josi,45120,Roman Josi,D,https://a.espncdn.com/combiner/i?img=/i/headshots/nhl/players/full/5436.png&w=350&h=254,7,6,6,4,8.5,6,84.5,Max Velocity,68,1264,379.2,316,316,252.8,100,40,28,32,87,48,27,12,15.2
45134Roman Josi,45134,Roman Josi,D,https://a.espncdn.com/combiner/i?img=/i/headshots/nhl/players/full/5436.png&w=350&h=254,7,8,9,4.5,6.5,6,77.5,Max Velocity,84,1254,376.2,313.5,313.5,250.8,60,24,16.8,19.2,80,44,25,11,16.76
45127Roman Josi,45127,Roman Josi,D,https://a.espncdn.com/combiner/i?img=/i/headshots/nhl/players/full/5436.png&w=350&h=254,6.5,5,4.5,7,4.5,5,81.5,Max Velocity,44,1184,355.2,296,296,236.8,75,30,21,24,80,44,25,11,21.55
45146Roman Josi,45146,Roman Josi,D,https://a.espncdn.com/combiner/i?img=/i/headshots/nhl/players/full/5436.png&w=350&h=254,6.5,6,6,4.5,5.5,8,83,Change of Direction,37,984,265.68,354.24,295.2,68.88,96,20.16,35.52,40.32,67,28,20,18,15.68
45131Roman Josi,45131,Roman Josi,D,https://a.espncdn.com/combiner/i?img=/i/headshots/nhl/players/full/5436.png&w=350&h=254,6,6,6,7.5,4,5,78,Acceleration,13,1321,330.25,554.82,290.62,145.31,26,13,5.72,7.28,32,17,10,6,22.81
45117Roman Josi,45117,Roman Josi,D,https://a.espncdn.com/combiner/i?img=/i/headshots/nhl/players/full/5436.png&w=350&h=254,6,7,7,4,8.5,4,79.5,Acceleration,35,1270,317.5,533.4,279.4,139.7,32,16,7.04,8.96,37,19,11,7,16.44
45125Roman Josi,45125,Roman Josi,D,https://a.espncdn.com/combiner/i?img=/i/headshots/nhl/players/full/5436.png&w=350&h=254,6.5,6,6,7,8.5,7,85,Change of Direction,32,917,247.59,330.12,275.1,64.19,96,20.16,35.52,40.32,83,35,25,23,16.32
45141Roman Josi,45141,Roman Josi,D,https://a.espncdn.com/combiner/i?img=/i/headshots/nhl/players/full/5436.png&w=350&h=254,7,8,8,4.5,6.5,6,78.5,Max Velocity,33,1092,327.6,273,273,218.4,78,31.2,21.84,24.96,83,46,26,11,23.78
45124Roman Josi,45124,Roman Josi,D,https://a.espncdn.com/combiner/i?img=/i/headshots/nhl/players/full/5436.png&w=350&h=254,7,6,6,4,7.5,8,85.5,Acceleration,15,1217,304.25,511.14,267.74,133.87,44,22,9.68,12.32,36,19,11,6,14.13
45148Roman Josi,45148,Roman Josi,D,https://a.espncdn.com/combiner/i?img=/i/headshots/nhl/players/full/5436.png&w=350&h=254,6,6,6,5,8.5,6,83.5,Max Velocity,46,1059,317.7,264.75,264.75,211.8,97,38.8,27.16,31.04,73,40,23,10,18.62
45112Roman Josi,45112,Roman Josi,D,https://a.espncdn.com/combiner/i?img=/i/headshots/nhl/players/full/5436.png&w=350&h=254,5,8,8,7.5,6,8,78,Acceleration,45,1139,284.75,478.38,250.58,125.29,26,13,5.72,7.28,34,18,10,6,13.31
45145Roman Josi,45145,Roman Josi,D,https://a.espncdn.com/combiner/i?img=/i/headshots/nhl/players/full/5436.png&w=350&h=254,5,7,6,7.5,6.5,5,78.5,Acceleration,17,1120,280,470.4,246.4,123.2,33,16.5,7.26,9.24,48,25,14,9,19.62
45138Roman Josi,45138,Roman Josi,D,https://a.espncdn.com/combiner/i?img=/i/headshots/nhl/players/full/5436.png&w=350&h=254,6,7,7,6,7.5,8,82.5,Acceleration,26,913,228.25,383.46,200.86,100.43,53,26.5,11.66,14.84,47,24,14,8,10.72
45135Charlie McAvoy,45135,Charlie McAvoy,D,https://a.espncdn.com/combiner/i?img=/i/headshots/nhl/players/full/3988803.png&w=350&h=254,8.5,6,6,7.5,7.5,6,85,Tempo,92,1254,200.64,313.5,438.9,300.96,14,2.24,4.2,7.56,12,7,4,0,21.48
45128Charlie McAvoy,45128,Charlie McAvoy,D,https://a.espncdn.com/combiner/i?img=/i/headshots/nhl/players/full/3988803.png&w=350&h=254,7,6.5,7,5.5,5,5,78.5,Tempo,63,1219,195.04,304.75,426.65,292.56,16,2.56,4.8,8.64,20,12,7,0,13.97
45142Charlie McAvoy,45142,Charlie McAvoy,D,https://a.espncdn.com/combiner/i?img=/i/headshots/nhl/players/full/3988803.png&w=350&h=254,8.5,6,6,8,7.5,5,84,Tempo,138,1216,194.56,304,425.6,291.84,9,1.44,2.7,4.86,18,11,6,0,21.21
45121Charlie McAvoy,45121,Charlie McAvoy,D,https://a.espncdn.com/combiner/i?img=/i/headshots/nhl/players/full/3988803.png&w=350&h=254,8.5,6,6,7,4,8,83.5,Tempo,80,1127,180.32,281.75,394.45,270.48,12,1.92,3.6,6.48,18,11,6,0,18.21
45132Charlie McAvoy,45132,Charlie McAvoy,D,https://a.espncdn.com/combiner/i?img=/i/headshots/nhl/players/full/3988803.png&w=350&h=254,7,5,5,6,5,7,84,Change of Direction,59,1277,344.79,459.72,383.1,89.39,91,19.11,33.67,38.22,83,35,25,23,17.69
45139Charlie McAvoy,45139,Charlie McAvoy,D,https://a.espncdn.com/combiner/i?img=/i/headshots/nhl/players/full/3988803.png&w=350&h=254,7,7,7,4.5,4,4,76,Change of Direction,18,1247,336.69,448.92,374.1,87.29,96,20.16,35.52,40.32,72,31,22,20,18.82
45149Charlie McAvoy,45149,Charlie McAvoy,D,https://a.espncdn.com/combiner/i?img=/i/headshots/nhl/players/full/3988803.png&w=350&h=254,7,7,7,5,5,7,80,Tempo,140,1043,166.88,260.75,365.05,250.32,12,1.92,3.6,6.48,12,7,4,0,13.23
45114Charlie McAvoy,45114,Charlie McAvoy,D,https://a.espncdn.com/combiner/i?img=/i/headshots/nhl/players/full/3988803.png&w=350&h=254,7,8,8.5,7,5,4,74.5,Tempo,125,1021,163.36,255.25,357.35,245.04,15,2.4,4.5,8.1,12,7,4,0,20.17
45113Charlie McAvoy,45113,Charlie McAvoy,D,https://a.espncdn.com/combiner/i?img=/i/headshots/nhl/players/full/3988803.png&w=350&h=254,6,6.5,6,4,4,4,76.5,Change of Direction,52,1111,299.97,399.96,333.3,77.77,137,28.77,50.69,57.54,82,35,25,23,18.02
45134Charlie McAvoy,45134,Charlie McAvoy,D,https://a.espncdn.com/combiner/i?img=/i/headshots/nhl/players/full/3988803.png&w=350&h=254,7,7,7,6.5,5.5,7,80.5,Max Velocity,39,1267,380.1,316.75,316.75,253.4,90,36,25.2,28.8,85,47,27,12,19.09
45141Charlie McAvoy,45141,Charlie McAvoy,D,https://a.espncdn.com/combiner/i?img=/i/headshots/nhl/players/full/3988803.png&w=350&h=254,7,8,8,7,7,7,80,Max Velocity,73,1257,377.1,314.25,314.25,251.4,70,28,19.6,22.4,83,46,26,11,16.41
45118Charlie McAvoy,45118,Charlie McAvoy,D,https://a.espncdn.com/combiner/i?img=/i/headshots/nhl/players/full/3988803.png&w=350&h=254,7,6,6,4.5,7.5,7,84.5,Change of Direction,30,1015,274.05,365.4,304.5,71.05,93,19.53,34.41,39.06,84,36,25,23,18.36
45146Charlie McAvoy,45146,Charlie McAvoy,D,https://a.espncdn.com/combiner/i?img=/i/headshots/nhl/players/full/3988803.png&w=350&h=254,6.5,6,6,7,8.5,5,83,Change of Direction,41,968,261.36,348.48,290.4,67.76,133,27.93,49.21,55.86,63,27,19,17,15.25
45125Charlie McAvoy,45125,Charlie McAvoy,D,https://a.espncdn.com/combiner/i?img=/i/headshots/nhl/players/full/3988803.png&w=350&h=254,8,8,7,8,5.5,5,78.5,Change of Direction,99,919,248.13,330.84,275.7,64.33,105,22.05,38.85,44.1,71,30,21,20,18.79
45120Charlie McAvoy,45120,Charlie McAvoy,D,https://a.espncdn.com/combiner/i?img=/i/headshots/nhl/players/full/3988803.png&w=350&h=254,6,8,8,5,6,4,75,Max Velocity,104,1079,323.7,269.75,269.75,215.8,60,24,16.8,19.2,86,47,27,12,22.88
45117Charlie McAvoy,45117,Charlie McAvoy,D,https://a.espncdn.com/combiner/i?img=/i/headshots/nhl/players/full/3988803.png&w=350&h=254,5,6,6,5.5,4,5,77,Acceleration,38,1171,292.75,491.82,257.62,128.81,34,17,7.48,9.52,34,18,10,6,22.36
45148Charlie McAvoy,45148,Charlie McAvoy,D,https://a.espncdn.com/combiner/i?img=/i/headshots/nhl/players/full/3988803.png&w=350&h=254,7,8,9,3.5,7,6,78,Max Velocity,130,996,298.8,249,249,199.2,63,25.2,17.64,20.16,73,40,23,10,22.51
45138Charlie McAvoy,45138,Charlie McAvoy,D,https://a.espncdn.com/combiner/i?img=/i/headshots/nhl/players/full/3988803.png&w=350&h=254,6,7.5,6,5,5.5,7,80,Acceleration,36,1106,276.5,464.52,243.32,121.66,21,10.5,4.62,5.88,32,17,10,6,10.16
45124Charlie McAvoy,45124,Charlie McAvoy,D,https://a.espncdn.com/combiner/i?img=/i/headshots/nhl/players/full/3988803.png&w=350&h=254,5,6,6,4,5,8,81,Acceleration,42,1090,272.5,457.8,239.8,119.9,20,10,4.4,5.6,33,17,10,6,16.71
45127Charlie McAvoy,45127,Charlie McAvoy,D,https://a.espncdn.com/combiner/i?img=/i/headshots/nhl/players/full/3988803.png&w=350&h=254,7,8,8,5.5,6.5,8,80.5,Max Velocity,65,945,283.5,236.25,236.25,189,87,34.8,24.36,27.84,73,40,23,10,20.1
45112Charlie McAvoy,45112,Charlie McAvoy,D,https://a.espncdn.com/combiner/i?img=/i/headshots/nhl/players/full/3988803.png&w=350&h=254,5.5,8,7,3.5,4.5,7,77,Acceleration,38,1029,257.25,432.18,226.38,113.19,42,21,9.24,11.76,46,24,14,8,15.6
45145Charlie McAvoy,45145,Charlie McAvoy,D,https://a.espncdn.com/combiner/i?img=/i/headshots/nhl/players/full/3988803.png&w=350&h=254,5,7,7,7.5,7.5,7,80.5,Acceleration,21,1021,255.25,428.82,224.62,112.31,50,25,11,14,33,17,10,6,14.23
45131Charlie McAvoy,45131,Charlie McAvoy,D,https://a.espncdn.com/combiner/i?img=/i/headshots/nhl/players/full/3988803.png&w=350&h=254,5.5,8,8,4,4.5,6,75,Acceleration,36,962,240.5,404.04,211.64,105.82,60,30,13.2,16.8,45,23,14,8,12.92
45135Patrick Kane,45135,Patrick Kane,RW,https://a.espncdn.com/combiner/i?img=/i/headshots/nhl/players/full/3735.png&w=350&h=254,5.5,6.5,7,8,6.5,4,77.5,Tempo,56,1291,206.56,322.75,451.85,309.84,17,2.72,5.1,9.18,15,9,5,0,14.45
45114Patrick Kane,45114,Patrick Kane,RW,https://a.espncdn.com/combiner/i?img=/i/headshots/nhl/players/full/3735.png&w=350&h=254,6.5,7,7,5,8,6,81.5,Tempo,183,1153,184.48,288.25,403.55,276.72,13,2.08,3.9,7.02,14,9,5,0,15.19
45146Patrick Kane,45146,Patrick Kane,RW,https://a.espncdn.com/combiner/i?img=/i/headshots/nhl/players/full/3735.png&w=350&h=254,5,7,6,5.5,4,4,75,Change of Direction,57,1335,360.45,480.6,400.5,93.45,128,26.88,47.36,53.76,83,35,25,23,14.52
45139Patrick Kane,45139,Patrick Kane,RW,https://a.espncdn.com/combiner/i?img=/i/headshots/nhl/players/full/3735.png&w=350&h=254,5,6,6,3.5,4,5,77,Change of Direction,27,1325,357.75,477,397.5,92.75,123,25.83,45.51,51.66,83,35,25,23,13.46
45128Patrick Kane,45128,Patrick Kane,RW,https://a.espncdn.com/combiner/i?img=/i/headshots/nhl/players/full/3735.png&w=350&h=254,6.5,7,7,6,8,8,83.5,Tempo,65,1128,180.48,282,394.8,270.72,14,2.24,4.2,7.56,12,7,4,0,16.89
45142Patrick Kane,45142,Patrick Kane,RW,https://a.espncdn.com/combiner/i?img=/i/headshots/nhl/players/full/3735.png&w=350&h=254,6,8,8,6,8.5,4,77.5,Tempo,52,1110,177.6,277.5,388.5,266.4,15,2.4,4.5,8.1,18,11,6,0,18.2
45149Patrick Kane,45149,Patrick Kane,RW,https://a.espncdn.com/combiner/i?img=/i/headshots/nhl/players/full/3735.png&w=350&h=254,6,9,8,6,4.5,5,73.5,Tempo,210,1020,163.2,255,357,244.8,8,1.28,2.4,4.32,16,10,6,0,18.51
45132Patrick Kane,45132,Patrick Kane,RW,https://a.espncdn.com/combiner/i?img=/i/headshots/nhl/players/full/3735.png&w=350&h=254,8,5,4.5,8,6.5,8,88,Change of Direction,29,1189,321.03,428.04,356.7,83.23,101,21.21,37.37,42.42,88,37,26,24,17.57
45125Patrick Kane,45125,Patrick Kane,RW,https://a.espncdn.com/combiner/i?img=/i/headshots/nhl/players/full/3735.png&w=350&h=254,5,8,8,4,5.5,8,77.5,Change of Direction,79,1167,315.09,420.12,350.1,81.69,107,22.47,39.59,44.94,67,28,20,18,14.7
45113Patrick Kane,45113,Patrick Kane,RW,https://a.espncdn.com/combiner/i?img=/i/headshots/nhl/players/full/3735.png&w=350&h=254,7,6,5.5,4,7,7,84.5,Change of Direction,53,1164,314.28,419.04,349.2,81.48,79,16.59,29.23,33.18,74,31,22,20,16.49
45121Patrick Kane,45121,Patrick Kane,RW,https://a.espncdn.com/combiner/i?img=/i/headshots/nhl/players/full/3735.png&w=350&h=254,6,8,8,6,6,6,77,Tempo,209,957,153.12,239.25,334.95,229.68,13,2.08,3.9,7.02,18,11,6,0,15.73
45148Patrick Kane,45148,Patrick Kane,RW,https://a.espncdn.com/combiner/i?img=/i/headshots/nhl/players/full/3735.png&w=350&h=254,5,8,8,4.5,6,6,76,Max Velocity,59,1324,397.2,331,331,264.8,65,26,18.2,20.8,84,46,26,12,23.57
45127Patrick Kane,45127,Patrick Kane,RW,https://a.espncdn.com/combiner/i?img=/i/headshots/nhl/players/full/3735.png&w=350&h=254,5,7,7,7.5,6.5,5,77.5,Max Velocity,55,1291,387.3,322.75,322.75,258.2,91,36.4,25.48,29.12,80,44,25,11,17.4
45112Patrick Kane,45112,Patrick Kane,RW,https://a.espncdn.com/combiner/i?img=/i/headshots/nhl/players/full/3735.png&w=350&h=254,8,5,5.5,5.5,8,5,85.5,Acceleration,21,1296,324,544.32,285.12,142.56,34,17,7.48,9.52,34,18,10,6,22.12
45120Patrick Kane,45120,Patrick Kane,RW,https://a.espncdn.com/combiner/i?img=/i/headshots/nhl/players/full/3735.png&w=350&h=254,6,8,8,5.5,8.5,4,77.5,Max Velocity,109,1138,341.4,284.5,284.5,227.6,61,24.4,17.08,19.52,77,42,24,11,18.15
45124Patrick Kane,45124,Patrick Kane,RW,https://a.espncdn.com/combiner/i?img=/i/headshots/nhl/players/full/3735.png&w=350&h=254,6,6.5,7,8,7,8,82.5,Acceleration,36,1257,314.25,527.94,276.54,138.27,58,29,12.76,16.24,38,20,11,7,21.51
45118Patrick Kane,45118,Patrick Kane,RW,https://a.espncdn.com/combiner/i?img=/i/headshots/nhl/players/full/3735.png&w=350&h=254,5,7.5,8,6.5,4,5,73.5,Change of Direction,17,920,248.4,331.2,276,64.4,125,26.25,46.25,52.5,72,31,22,20,18.41
45141Patrick Kane,45141,Patrick Kane,RW,https://a.espncdn.com/combiner/i?img=/i/headshots/nhl/players/full/3735.png&w=350&h=254,6,7,7,8,5,6,78,Max Velocity,28,1035,310.5,258.75,258.75,207,75,30,21,24,83,46,26,11,18.19
45131Patrick Kane,45131,Patrick Kane,RW,https://a.espncdn.com/combiner/i?img=/i/headshots/nhl/players/full/3735.png&w=350&h=254,5,7,7,7.5,5,6,77,Acceleration,26,1155,288.75,485.1,254.1,127.05,32,16,7.04,8.96,36,19,11,6,22.28
45145Patrick Kane,45145,Patrick Kane,RW,https://a.espncdn.com/combiner/i?img=/i/headshots/nhl/players/full/3735.png&w=350&h=254,5,7,7,7.5,7.5,5,78.5,Acceleration,32,1110,277.5,466.2,244.2,122.1,46,23,10.12,12.88,31,16,9,6,12.87
45134Patrick Kane,45134,Patrick Kane,RW,https://a.espncdn.com/combiner/i?img=/i/headshots/nhl/players/full/3735.png&w=350&h=254,6,8,9,6,7,4,75,Max Velocity,93,962,288.6,240.5,240.5,192.4,65,26,18.2,20.8,84,46,26,12,18.95
45138Patrick Kane,45138,Patrick Kane,RW,https://a.espncdn.com/combiner/i?img=/i/headshots/nhl/players/full/3735.png&w=350&h=254,5,6,6,4,8.5,5,81.5,Acceleration,38,952,238,399.84,209.44,104.72,34,17,7.48,9.52,43,22,13,8,12.44
45117Patrick Kane,45117,Patrick Kane,RW,https://a.espncdn.com/combiner/i?img=/i/headshots/nhl/players/full/3735.png&w=350&h=254,6.5,8,8,8,4.5,8,78,Acceleration,27,934,233.5,392.28,205.48,102.74,54,27,11.88,15.12,44,23,13,8,18.09
